MONTH,YEAR,TEMP_mean,TEMP_median,TEMP_var,TEMP_min,TEMP_max,PRCP_mean,PRCP_median,PRCP_min,PRCP_max,PRCP_var
1,1950,37.73331814038286,38.9,420.08186123046147,29.48305797689033,48.27153634417372,0.01252304505437597,0.0,0.0,2.68,0.008937346035060635
2,1950,39.67514686957981,39.8,268.0114189928065,31.05580549493593,50.60527406080287,0.007515773613334589,0.0,0.0,1.65,0.004571752317566354
3,1950,42.97396018938044,42.6,233.97976431304767,33.825674849750435,54.37051987767585,0.009918735488480086,0.0,0.0,2.09,0.006682756635643027
4,1950,51.947307692307696,51.6,167.2496376217436,41.94180284659989,63.91847728591779,0.007516761435967072,0.0,0.0,2.44,0.004622249230997828
5,1950,62.561042425486065,62.6,128.58783888866756,52.45174502155615,74.23204207285788,0.008324119151745192,0.0,0.0,4.53,0.00732302878857662
6,1950,70.4855309218203,71.1,99.65877965498719,59.8582156883558,82.18661254377587,0.007221868026777176,0.0,0.0,3.03,0.006118399164693815
7,1950,73.02174603988311,73.4,58.33997310211607,63.21535346285948,84.20948890142,0.01512970340858787,0.0,0.0,3.82,0.017777066139942108
8,1950,72.21854301240643,72.4,65.21544439848331,61.58518898405047,84.19960520918787,0.008587096286211331,0.0,0.0,4.09,0.009570908241953604
9,1950,65.98558764200021,65.9,99.5726260574827,56.7560186905963,77.06033347493627,0.01079447731755424,0.0,0.0,9.76,0.021922100332445262
10,1950,60.256920925897155,61.0,105.43058169436847,50.06012848409491,72.58919997926064,0.006212058783134185,0.0,0.0,5.75,0.007100464058957315
11,1950,45.212010666666664,45.1,212.69123554311676,35.95542811416378,56.816890482050184,0.007645777885313332,0.0,0.0,2.91,0.005956442995359897
12,1950,37.12026133663878,36.8,218.62047215937358,28.937310195227763,47.275118949110464,0.0091722273840696,0.0,0.0,2.6,0.006625434011519179
1,1951,35.90692043324307,36.8,270.235462702413,27.46907254074884,46.293076079578086,0.007734478788415552,0.0,0.0,1.14,0.0038785339209395676
2,1951,38.56315456324088,38.8,274.7096183384272,29.835368590665823,49.88917171717172,0.009732271375107956,0.0,0.0,2.99,0.00820391104003231
3,1951,43.648851050615875,43.0,233.92267064299597,34.771092132505174,54.76389249208738,0.009204128039181388,0.0,0.0,1.89,0.005088809373319055
4,1951,53.35325188070213,52.8,133.08591715387305,43.54538420490928,65.08781243324076,0.009397037165381617,0.0,0.0,2.99,0.006492116043897995
5,1951,63.6110327198364,63.6,100.78172090286098,52.685800480646314,75.80681701953564,0.007804841149773071,0.0,0.0,3.7,0.007332574059321187
6,1951,69.73845625528318,69.9,101.72989685062375,59.57913737512553,80.96435402906208,0.011934854525405037,0.0,0.0,2.32,0.01003240294946348
7,1951,75.47731276411588,76.1,69.94210033440405,65.0205584144291,87.16080248485157,0.009890823026416248,0.0,0.0,2.76,0.00945790210559121
8,1951,74.03881394756935,74.3,87.75720496665535,63.7626553269505,85.79646220412319,0.008498536804982366,0.0,0.0,2.87,0.007412446024423533
9,1951,67.2456286733837,67.2,111.08823699126147,57.01810254255096,79.51133641521328,0.009974843726177771,0.0,0.0,3.82,0.01191469784999845
10,1951,58.13721838847169,58.4,149.09364948049208,48.73881642389484,69.76398051354917,0.008263702845557889,0.0,0.0,2.64,0.006818679478221319
11,1951,42.92907509634413,42.1,189.10750780551678,34.556994063118424,53.54821223809027,0.010548471472944255,0.0,0.0,3.03,0.009429724495742392
12,1951,37.58049942335657,38.2,321.3306140921523,29.62869822485207,47.25123543591804,0.010120131052056789,0.0,0.0,2.17,0.0054186621850379054
1,1952,38.13391644779226,37.6,305.49425154044854,30.268923809051703,47.8572981289394,0.009219305086214366,0.0,0.0,2.13,0.005680716285860208
2,1952,40.38904102319163,39.8,190.7575579541063,32.24239770737144,50.40050979767405,0.008143308191545342,0.0,0.0,2.28,0.005596227860224099
3,1952,43.16337442447646,42.8,203.2184941280932,34.78494974998762,53.32430517711172,0.012102252727912707,0.0,0.0,2.13,0.008190343851300718
4,1952,55.15447208800247,55.5,116.33261635369057,44.862786632390744,66.96399691358025,0.008655571746299563,0.0,0.0,2.6,0.006624016887000474
5,1952,63.629814437092676,63.5,102.07121802029117,53.01767252102094,75.32766804318624,0.010492170022371364,0.0,0.0,3.07,0.008894527075702605
6,1952,73.37760349036513,74.9,105.81102652322012,62.73885337075732,85.01660692951015,0.008160338806746414,0.0,0.0,3.46,0.008833901767636753
7,1952,76.55350219044261,77.8,66.15598569456388,65.61683622078968,88.56665659465176,0.00942813433379471,0.0,0.0,5.87,0.011701151890901979
8,1952,74.82056524353578,75.1,73.40357003377906,64.48731264725049,86.54209471310449,0.010568138488522841,0.0,0.0,3.11,0.010201027102521392
9,1952,68.70140605686032,69.1,84.82881646225323,57.406578744011135,81.43564805275088,0.006670209938878555,0.0,0.0,4.33,0.008729274528080276
10,1952,56.0668196557745,55.8,119.70000208306959,44.06536561018218,70.04560543945605,0.003510220579743619,0.0,0.0,6.38,0.004779841409652751
11,1952,45.50553213367609,45.8,187.27775437001614,36.68324249280131,56.06441140152294,0.006753872378270214,0.0,0.0,3.39,0.005939773170039148
12,1952,38.788349030747,38.4,151.8364415430769,31.661566829462775,47.55463290634501,0.008994245684263196,0.0,0.0,3.15,0.007253884120346305
1,1953,41.27097142290137,41.4,192.9925638987603,33.162408813458384,51.38793660257366,0.010381965121225011,0.0,0.0,1.81,0.006615346688498027
2,1953,40.925931625810705,41.1,182.56477246517593,32.14404244790234,51.77776983559686,0.008640299973216678,0.0,0.0,2.24,0.00545140997933856
3,1953,48.16779307260349,48.0,199.9849446720191,39.17672315261144,59.105541198688,0.011558277027027027,0.0,0.0,2.2,0.008991312593027401
4,1953,53.25012079157029,52.9,152.56194290203263,43.71115795968737,64.47058248430587,0.011378588255824098,0.0,0.0,3.39,0.008817820096471045
5,1953,63.56789369100844,63.3,151.3355367724432,53.68301371224165,74.76261612598738,0.010038786750446047,0.0,0.0,2.05,0.007300029527278879
6,1953,72.93811403053276,74.7,120.31551769754331,62.14626656274356,84.58061902783548,0.0077892299648965576,0.0,0.0,2.99,0.0066170123399283505
7,1953,76.33692554685932,77.0,64.54344602867465,65.72877372702621,87.91887199558433,0.009365712214570495,0.0,0.0,3.54,0.010410957661438172
8,1953,74.45907492969064,75.1,66.41952589825816,63.71320365902694,86.29430465571794,0.009400778771271993,0.0,0.0,3.98,0.01188637199622049
9,1953,69.3202897045844,69.7,93.14137335324159,57.459978172747114,82.37523774879176,0.006994839221913457,0.0,0.0,5.39,0.009565255448783167
10,1953,59.738173207718276,59.7,106.98321574770785,48.58249760620874,72.61347249533605,0.005408470116526751,0.0,0.0,2.64,0.005001841161258107
11,1953,48.36812188538206,48.7,124.21797610184296,39.24379088360503,59.56486935743598,0.007020420112713167,0.0,0.0,2.91,0.006114214705225364
12,1953,39.54772247360482,39.5,175.15074774136974,31.396797063555912,49.39844512655362,0.009979568486433475,0.0,0.0,3.07,0.007634466276430024
1,1954,36.42928375773562,37.3,288.50937170834726,28.006515120763144,47.0539371082004,0.008775013050287106,0.0,0.0,2.17,0.005824271485578008
2,1954,44.99742363728413,44.8,172.03959169681437,35.359054852320675,56.994918023550625,0.006937406267266556,0.0,0.0,5.08,0.006442798497250544
3,1954,44.237117903930134,43.4,212.61024561073566,35.13770566727605,55.520254517688976,0.007481352166322806,0.0,0.0,1.61,0.0043784666389777935
4,1954,58.040263713080165,58.8,170.1371244623368,47.78139682204508,70.22873211173892,0.009757527097551184,0.0,0.0,3.86,0.008095814014118727
5,1954,61.875971515768065,61.9,119.89400421913821,51.54824708695873,73.25441041815037,0.009592546775939384,0.0,0.0,2.28,0.007549056887149889
6,1954,72.05699380329432,74.0,115.08302325043819,61.536750052999786,83.57204386522568,0.008711049253846748,0.0,0.0,3.46,0.007899150416877639
7,1954,77.18554847986853,78.3,81.76044647641265,66.15574511819116,89.20234206471495,0.0076092526169387305,0.0,0.0,3.46,0.006798178491249552
8,1954,74.56916499253077,74.4,88.51413672803031,64.37355972379676,86.19692925962183,0.010762240501370935,0.0,0.0,3.03,0.010421535835155276
9,1954,69.77719987262499,70.4,112.4384716875578,59.077191303885606,82.00976840539678,0.007982373078884114,0.0,0.0,8.03,0.012634332148476474
10,1954,58.861691746700224,58.2,165.10147590518017,49.08933086648165,70.54540501644736,0.00796919770773639,0.0,0.0,4.29,0.008443350294076552
11,1954,48.04117213804714,47.7,111.77727777580685,38.90306761378585,59.133745787700086,0.007302009456264776,0.0,0.0,1.97,0.005153843323630816
12,1954,38.87520817369093,37.8,174.46636346820713,30.714825789312354,48.957634485579874,0.00801301417615617,0.0,0.0,2.13,0.005189210862536266
1,1955,36.061323123273915,36.2,216.59092130491157,28.561113552193834,45.123790981032535,0.008190386427898209,0.0,0.0,1.42,0.004316037900866587
2,1955,38.35429632744603,38.5,271.03949300028927,29.714819488257977,48.93108658982288,0.010496027241770714,0.0,0.0,2.6,0.007149453100346623
3,1955,46.491085591015796,46.3,264.6748665942603,37.00439972065266,58.06151739075041,0.008279816513761468,0.0,0.0,1.57,0.004601398900625807
4,1955,57.437347891863446,57.5,145.04614220938,47.46145949858525,68.88746545598104,0.009270137524557957,0.0,0.0,4.49,0.007741318117870847
5,1955,65.34099446106832,65.9,113.71211980558506,55.04930582091453,76.79326114649682,0.010436131215339787,0.0,0.0,3.58,0.009936376795559395
6,1955,69.94272492893502,70.6,88.2947981540684,59.64690435242757,81.01451900826447,0.010623237724842003,0.0,0.0,3.58,0.008374630984654201
7,1955,76.6986202027981,78.5,70.16088699918899,66.90389235018306,87.683627495026,0.011915906001165275,0.0,0.0,2.99,0.011543566007050242
8,1955,76.38703168176853,78.0,61.06400019237634,66.33430501930502,87.56526099254307,0.01399853332111101,0.0,0.0,6.93,0.025338795744089843
9,1955,69.60724178868223,71.3,112.25741210023111,59.45984673317037,80.98882438316402,0.009677161152614728,0.0,0.0,4.8,0.01063147986257975
10,1955,59.223636131340236,59.1,110.15720658221497,48.89524632117722,71.31321008188333,0.012573094401097488,0.0,0.0,4.53,0.01757503699511436
11,1955,45.14756081525312,45.7,242.578703038085,36.29887544390372,55.90330213551279,0.0097195433969691,0.0,0.0,2.24,0.00729110330663139
12,1955,37.75864656872098,37.3,255.72982394090812,30.07185472586185,47.280492930836836,0.007402212564203872,0.0,0.0,1.93,0.004894801757427494
1,1956,36.96953194180899,37.3,207.67725811476944,29.32108292744639,46.37264491605955,0.010640706126687435,0.0,0.0,2.09,0.00626575416379668
2,1956,39.72158128277532,39.7,274.65402624946137,31.528509951586873,49.68468996162391,0.010957913455838767,0.0,0.0,3.27,0.0066895020226792464
3,1956,46.00408522405883,46.2,221.13569041234723,36.14408730657944,57.77297604035309,0.010722362396037754,0.0,0.0,2.95,0.007528197769969959
4,1956,54.039369772417814,53.4,150.01837340644553,44.11714878713192,65.51975709553808,0.008571014772617553,0.0,0.0,2.13,0.0059585024158588995
5,1956,64.95309695912263,65.6,137.02666206026916,54.81949363931155,76.38711105568373,0.01144917970959834,0.0,0.0,2.52,0.00862529241941194
6,1956,72.88545748464274,74.6,95.66081604942538,62.31503978265088,84.24916580444905,0.01035120668607381,0.0,0.0,2.6,0.008237029159184284
7,1956,75.30339879154079,76.1,72.42856527130762,65.38103752203476,86.30626888217523,0.014662024949231215,0.0,0.0,4.33,0.017500497463945493
8,1956,74.66650952291155,75.3,82.86019463627167,64.28256713414251,86.11706795750298,0.009549844926894107,0.0,0.0,2.64,0.009134749487081513
9,1956,68.45698164602113,69.1,110.41674509831392,57.36564895413798,80.71158714703019,0.007855380689068481,0.0,0.0,8.39,0.011663096320160899
10,1956,60.34183080097543,61.1,112.16809874900869,50.56789467100325,71.65002190100745,0.008943638204522443,0.0,0.0,3.19,0.008921844093352551
11,1956,46.6196034249662,46.8,186.24856687851508,37.39399265984161,58.044760247486465,0.006308057705840957,0.0,0.0,4.21,0.0055395046346365905
12,1956,42.82783427495292,42.9,224.98055108810945,34.386212958312406,53.31724116241037,0.008037022753567297,0.0,0.0,2.6,0.005376321838131583
1,1957,34.68968944099379,34.7,367.73255409945835,27.049353957013295,44.119665897899395,0.009120968680870882,0.0,0.0,2.99,0.005614073511124876
2,1957,43.938232871069616,43.4,251.3600012436739,36.23822963878588,53.62229023383769,0.009327986389597765,0.0,0.0,2.05,0.005659161857648833
3,1957,46.614961119751165,46.1,157.64043746738187,38.30782581648523,56.754271481942716,0.011296161448039113,0.0,0.0,2.01,0.007308702645480385
4,1957,55.69358471140853,56.5,171.90838033434574,46.67520592020592,66.42694761260391,0.013364180729450191,0.0,0.0,2.28,0.00975738750168343
5,1957,63.77003965795018,63.8,106.93338316754192,54.62227179773192,74.22861126603459,0.015178553260758978,0.0,0.0,2.76,0.013326578310849423
6,1957,72.29656016490596,73.4,86.8126661285066,62.72282069454288,83.16502190157176,0.015512897420515896,0.0,0.0,3.43,0.01651936994662864
7,1957,76.45384856070088,77.2,69.72618144524196,66.00143956938099,87.7653376729048,0.010776616534964738,0.0,0.0,4.65,0.01331642604732069
8,1957,74.19905136366472,74.5,74.26597588195811,63.92850093691443,85.55467140984834,0.010009275655620204,0.0,0.0,3.9,0.01143389264460091
9,1957,68.23930043803144,68.3,95.35758891984517,58.47263001868918,79.63783992782575,0.011598670851024551,0.0,0.0,3.74,0.012706795072543178
10,1957,56.227337815963146,56.5,116.10613323983648,47.88968372556344,66.24415042649898,0.01029560658108841,0.0,0.0,3.15,0.00946447277519937
11,1957,47.19723824170191,47.0,163.89677994028958,39.70819661625224,56.59318036149212,0.011571923925606808,0.0,0.0,2.28,0.00721688566814557
12,1957,42.83058201058201,42.6,161.98042237663003,34.680943783851085,53.018047595315224,0.011030937740199847,0.0,0.0,2.52,0.007601906220625304
1,1958,37.11895514053484,36.8,164.77586865255367,29.591180486593842,46.639611276701444,0.013082949760062678,0.0,0.0,2.64,0.010570925439917063
2,1958,36.87644392555457,37.9,278.12661952379653,29.269210164835165,46.44009621993127,0.012611556406268693,0.0,0.0,3.5,0.009898407480695263
3,1958,43.622055262340886,42.4,133.77424527886367,36.54127289661596,52.39561572377818,0.014814340588988477,0.0,0.0,2.28,0.010369950974765934
4,1958,55.38834458373513,55.4,130.03031483046337,46.04273498778449,66.33832004116285,0.014419055391206774,0.0,0.0,4.09,0.013026582995353185
5,1958,65.41420144063586,66.0,98.87322375523269,55.07301124014158,76.73621514191666,0.009583143300191554,0.0,0.0,2.36,0.006511110651786353
6,1958,70.88271814268946,70.7,97.35333465778483,61.16612745417781,81.70846650577262,0.014509090909090909,0.0,0.0,4.21,0.01615959533213013
7,1958,75.37871746031746,76.05,67.1971595715725,66.04348488696978,85.99159365079366,0.015698346284120344,0.0,0.0,3.82,0.014771949247040811
8,1958,75.49687261632342,76.2,61.191282571528895,65.51749523204069,86.700800966245,0.01177366702937976,0.0,0.0,4.69,0.01594247819650909
9,1958,68.93420708589358,69.6,94.99120412054232,59.50137290794979,80.07404694958477,0.012190449226123064,0.0,0.0,3.58,0.01100589520278074
10,1958,58.70946330362223,59.1,113.67023601867821,49.08544143688338,70.31462288028348,0.008845324933687003,0.0,0.0,4.76,0.009110554205116979
11,1958,49.05106953620723,49.9,195.84122072570267,40.354124419441355,59.89192355520649,0.010830249549293102,0.0,0.0,2.36,0.007977816978216373
12,1958,37.15866263313796,37.6,250.78018005931366,28.804027987897125,47.8268878935083,0.007331622835150738,0.0,0.0,2.2,0.004623139374721357
1,1959,35.88482500322873,36.55,293.78920851635564,27.586069491087574,46.62811286564846,0.01157258064516129,0.0,0.0,2.01,0.00754083145986839
2,1959,38.90552735073293,39.3,286.30270185467714,30.89999284845884,49.0879722381225,0.013582697201017813,0.0,0.0,1.89,0.00913735987362504
3,1959,46.54153168329662,46.1,169.62670888297814,36.92263478486262,58.234410276372124,0.013777322404371585,0.0,0.0,4.49,0.013672048389745907
4,1959,56.160100840336135,56.5,136.52011898942663,46.21494956287828,67.8936154467169,0.010240219629375429,0.0,0.0,1.93,0.007034998182183572
5,1959,65.02618660069015,66.3,122.11322358049271,55.42347961974216,76.11389594321808,0.013525271287515886,0.0,0.0,3.98,0.012680883722856062
6,1959,72.36465598491989,73.5,89.12017130492674,62.3077166520773,83.32252743553491,0.011551560121765602,0.0,0.0,3.23,0.010431338032005901
7,1959,75.73839111803662,76.4,56.46892080591581,65.71775209401987,86.91337662337662,0.015516973057095613,0.0,0.0,4.45,0.018710046428813413
8,1959,75.4539240506329,77.1,62.25975040840968,65.96030519480519,86.48134657836644,0.013387848245697444,0.0,0.0,4.09,0.013852908992678391
9,1959,68.76617246193737,70.7,114.71272264286056,59.502527772234416,79.65005654979709,0.012724659185755357,0.0,0.0,3.86,0.013015113106392312
10,1959,58.50723000451875,58.5,153.2597734176565,50.020260847107444,69.08635012919896,0.017615038182886233,0.0,0.0,4.17,0.017799442115943837
11,1959,45.144158940397354,45.2,225.52560532608487,36.0345412388208,56.763489005513854,0.01129973474801061,0.0,0.0,3.43,0.010424800344789861
12,1959,41.37631730584544,40.9,154.83791969339438,33.891053474223504,50.76618824886269,0.012820926699582225,0.0,0.0,3.19,0.011114926433173987
1,1960,36.196035045085374,35.7,250.69057522210286,29.239285029097655,45.03720335188383,0.01309805673442037,0.0,0.0,4.76,0.010644729130591682
2,1960,37.46488919195363,37.1,215.89397650333618,29.92986428425288,46.89224890829695,0.01686997238564053,0.0,0.0,2.72,0.012816102327100596
3,1960,40.620622938340524,40.6,286.09122283085463,32.035078367916746,51.025571501143,0.01208535703213806,0.0,0.0,5.63,0.011365803792382341
4,1960,56.8549135607704,57.6,149.5749319755011,46.849904649174725,68.60852519405341,0.012324267381727639,0.0,0.0,2.76,0.009588783644348701
5,1960,62.8718284053576,62.95,108.17692982156774,52.62713428120063,74.19634100101112,0.013896542029800393,0.0,0.0,3.27,0.011156586858706755
6,1960,71.68634232121923,71.9,85.28684986548242,61.27428664495114,82.92315810044947,0.012848874598070738,0.0,0.0,4.06,0.0121525685776106
7,1960,75.33574002655371,75.8,66.66489543266233,64.92195291735223,86.60967435978502,0.016731938483547926,0.0,0.0,7.28,0.028343418792056783
8,1960,74.06810715188274,75.3,72.2016743849291,64.37404715251881,85.21806284377568,0.011812642110050023,0.0,0.0,2.8,0.009813623252933092
9,1960,69.14405165666581,69.1,90.71813107501768,59.28712457560721,80.56712775675324,0.013917112299465241,0.0,0.0,4.33,0.02288299696180034
10,1960,58.77316362715299,58.9,123.70042218638376,49.23916017480524,70.05090874548793,0.011109290088846717,0.0,0.0,3.46,0.010186657568103663
11,1960,48.4066523465469,48.2,147.17728551817368,39.803274313240465,59.056546650172535,0.008674743024963289,0.0,0.0,3.15,0.007205824992132203
12,1960,35.69251184834123,35.0,215.73365158329233,27.63742653099918,45.704841972187104,0.008104318564217611,0.0,0.0,3.5,0.006643279010982742
1,1961,34.58112193270933,35.5,255.18678988659332,26.035574247407034,45.46400177518544,0.007951743102989444,0.0,0.0,2.99,0.005844890502860915
2,1961,42.04762170845848,41.8,225.21225143330395,33.61637443241355,52.750356743144934,0.014221507046942626,0.0,0.0,2.13,0.011157759586230232
3,1961,47.90882667505505,47.5,176.26810441786054,39.40692888609188,58.505729756957564,0.01629625679854964,0.0,0.0,2.6,0.011890195072377707
4,1961,52.85548812320543,52.3,148.21515946282238,43.186349683234276,64.14161279791055,0.012719541139240507,0.0,0.0,3.98,0.010247058907988433
5,1961,61.90288715561706,61.4,109.37179703589116,51.852944877926,73.11333668847509,0.012713329615170106,0.0,0.0,2.72,0.010126717291859558
6,1961,71.36435875724614,71.7,77.70404228191477,60.875418594045215,82.69447413006647,0.013267137674240979,0.0,0.0,3.9,0.014253050563237609
7,1961,74.99856827499212,75.8,61.12261747822883,65.0304509618417,85.96750567751702,0.015365130950105143,0.0,0.0,2.76,0.013549216633187157
8,1961,74.22528576811958,74.9,51.54812008980332,64.60568538761152,85.23870744881296,0.013022314283024198,0.0,0.0,4.29,0.013815158541573919
9,1961,67.88551782571857,69.2,118.43013440626238,58.342025299947835,79.24588902653713,0.014475333156826406,0.0,0.0,4.72,0.018770322670398607
10,1961,58.095060400986654,58.9,116.80533866017244,47.85583264763593,70.33429150310245,0.00834869739478958,0.0,0.0,3.54,0.007609490393324713
11,1961,46.6705513457016,45.9,177.79535666993124,38.74999019928128,56.47349673202614,0.012298481308411215,0.0,0.0,2.8,0.009393187893711257
12,1961,37.75452586206897,37.849999999999994,256.5843776135328,30.35900475435816,46.71866480694858,0.012356463166898321,0.0,0.0,2.2,0.007265554272006158
1,1962,33.54837890996764,34.7,318.32202798738274,25.223678365171036,44.12965956092905,0.01168613830123145,0.0,0.0,4.02,0.009448798743622509
2,1962,39.823127722354926,40.45,336.0689472601571,31.77692686011382,50.03129926801802,0.01742838792549775,0.0,0.0,4.21,0.015260163967917345
3,1962,43.288457150101415,43.3,202.25261287144596,34.662446107025104,53.68754281364963,0.010439346811819596,0.0,0.0,4.61,0.008573812982639307
4,1962,55.38919876632325,55.6,144.0318599630482,44.93056412950679,67.38670125435083,0.009940592221293976,0.0,0.0,2.24,0.00670020070358538
5,1962,65.34404490106544,66.3,129.0965929356382,54.971403197158075,76.70102739726028,0.010883658969804618,0.0,0.0,3.15,0.00932755196671556
6,1962,70.4864079575944,71.8,78.79915359507841,60.33297983765384,81.50859947643978,0.015922560252864478,0.0,0.0,4.13,0.017539630869034758
7,1962,73.80246984126984,74.2,75.6947078495888,63.610344827586204,84.97552225538129,0.013730712711241735,0.0,0.0,2.83,0.012498985804139726
8,1962,74.16351222002424,74.6,76.99244009492047,63.36828582385274,86.00719208679004,0.013778045216195307,0.0,0.0,4.61,0.01702749784325545
9,1962,66.91753981834934,66.5,102.46063553204897,57.154155407631976,78.18568604191381,0.013761651131824234,0.0,0.0,6.02,0.014380930913891088
10,1962,59.39344230892024,59.3,132.00858215358406,50.01729270474,70.62913632298454,0.011264011036385583,0.0,0.0,5.79,0.015697789911029325
11,1962,47.282220619097586,46.9,113.78277103756986,38.98539849130863,57.4294777588243,0.011979738685854951,0.0,0.0,4.09,0.011854228166279585
12,1962,37.59435776603197,38.3,232.3976971148931,29.5129091835435,47.903805213844095,0.009482083414920697,0.0,0.0,3.11,0.007200231099702823
1,1963,31.019444621361696,32.4,342.19833079981396,22.52049175106695,42.08630242400924,0.009795431976166832,0.0,0.0,2.68,0.007197693771960547
2,1963,37.671438641009374,38.5,276.2305926221153,28.50410997532605,49.27915811814645,0.011930235149894126,0.0,0.0,4.45,0.011194267535354824
3,1963,48.16584607575662,48.6,192.82813863848935,38.48957354994288,59.727636755933496,0.012177121771217712,0.0,0.0,2.44,0.007246420212672578
4,1963,55.853083989501314,54.8,153.8750334702076,45.90989891033215,67.2662443379505,0.010737893927747887,0.0,0.0,2.56,0.007561653980458801
5,1963,63.698643960895616,63.2,111.54588752650187,53.35418691234934,75.17107802939508,0.01006231936416185,0.0,0.0,2.24,0.0063505425887127485
6,1963,70.92987816795882,71.9,90.81946037738922,60.7409890539484,82.07508470158977,0.01595405848856288,0.0,0.0,5.2,0.019272142290718167
7,1963,75.05833016837575,75.9,70.06941436664178,64.56693676014433,86.31583744777821,0.013516240375254448,0.0,0.0,3.58,0.016649583976800404
8,1963,73.59607582097122,73.9,72.46746003254384,63.45271170313987,84.89340687206797,0.011763813264304203,0.0,0.0,2.01,0.008675803164604283
9,1963,68.24072480771737,68.3,87.66934587967741,58.069363144514696,80.10596596466063,0.011720819353699452,0.0,0.0,6.85,0.01729645573781865
10,1963,62.14627737226277,62.9,86.63765070254412,50.88018155272012,75.11883570340274,0.005362787897034473,0.0,0.0,2.09,0.003850026448049395
11,1963,49.06106589656078,48.6,126.4034751749161,40.51342960288809,59.44394038865546,0.018031755252202537,0.0,0.0,5.91,0.02484094554456592
12,1963,33.11050722331827,34.0,247.87347856781062,25.138891363838862,42.9311047437122,0.009035262807717898,0.0,0.0,1.81,0.005182538775427576
1,1964,37.29307824318312,37.7,205.73120876053136,28.61925252653658,47.93589564110722,0.01463755542702911,0.0,0.0,4.29,0.013216985173855724
2,1964,37.20751685163751,36.8,162.67211018245771,28.14606114250698,48.030806979280264,0.011913729615991582,0.0,0.0,3.27,0.009233468987614181
3,1964,44.78998031621055,44.8,199.85429888836023,35.42225751127485,56.312035859613424,0.013435336610815692,0.0,0.0,3.43,0.012212198883648998
4,1964,55.10803212851406,54.8,154.94702397157835,45.45053989992099,66.53198313903708,0.014271914500051382,0.0,0.0,2.64,0.010275962642778328
5,1964,64.59125023932606,65.2,113.92407393463237,53.867632603561624,76.17073015062547,0.01080544380724129,0.0,0.0,3.23,0.009682889982346725
6,1964,70.70356603401852,72.0,105.08330332092149,60.30266649152765,81.93981347694734,0.01241185296324081,0.0,0.0,3.11,0.011702969815416428
7,1964,75.57124274692342,76.6,66.75516455036764,65.3381544544353,86.8589975768397,0.013962317475270844,0.0,0.0,4.92,0.014959538809778612
8,1964,72.64345113021331,73.3,87.71712359581795,62.67793630573248,84.05527807861374,0.014917464660282717,0.0,0.0,5.83,0.01958588565354954
9,1964,66.82534422557481,67.0,103.65420082200674,56.77225372543848,78.55715886618326,0.012395641093241937,0.0,0.0,4.53,0.017272956127948515
10,1964,56.86295656623808,57.0,102.76581743522915,45.99406795930121,69.67938593679892,0.007539946211042556,0.0,0.0,3.27,0.00855159341248027
11,1964,47.94362624991722,48.9,213.40792178983813,39.19309842363227,58.617154783991516,0.013225562488183022,0.0,0.0,3.43,0.012064757852690056
12,1964,38.742422495516266,39.0,288.4712429428757,31.31601204587685,47.85076982294073,0.014779188672884596,0.0,0.0,5.67,0.012880494617413096
1,1965,37.39753473168074,38.0,297.15699317287306,29.53709809264305,47.44240523588764,0.0071726916145446835,0.0,0.0,1.97,0.004282580119312945
2,1965,38.30617859290439,39.6,280.29635211002454,29.851680072164175,49.25853732017775,0.009538479423389909,0.0,0.0,3.03,0.008612541304884409
3,1965,42.10245756958587,41.8,237.09601405634967,33.99674134419552,52.204717558289715,0.008617338487023745,0.0,0.0,2.2,0.006291748296648714
4,1965,55.66357906663834,54.8,162.4704843281858,46.78699008498584,66.46967915574757,0.0085,0.0,0.0,1.89,0.006098048299392285
5,1965,64.95564317059791,66.6,107.71662041877923,54.99823093801426,76.08616882671605,0.0045762867647058825,0.0,0.0,1.77,0.0032071189155239697
6,1965,69.69844327551891,70.8,79.88236268626805,60.20234574921808,80.20390958203015,0.011761961485010918,0.0,0.0,4.96,0.01545196318709829
7,1965,74.31686705362078,75.0,66.87245475448958,64.47828069932969,85.08676755113322,0.009007734389737785,0.0,0.0,5.16,0.01341167449917743
8,1965,73.4108617594255,74.8,70.49275198157859,64.02021820190582,84.29308106615107,0.009663532904502722,0.0,0.0,3.07,0.009701628663091372
9,1965,66.55367552045944,67.3,134.70550196089846,57.95833153851676,77.01836206896553,0.011781591582388395,0.0,0.0,5.71,0.017120446367266274
10,1965,58.371410623298665,58.2,105.69628157136025,48.27765593350562,70.39317039106145,0.005568754807281429,0.0,0.0,3.5,0.006113345293739946
11,1965,49.78500822544882,50.4,170.81330455823016,41.87266809728183,59.50211015736767,0.007815975733063701,0.0,0.0,1.85,0.005667491665065646
12,1965,41.38912426445137,41.0,177.57330666172336,34.13087308730873,50.659077370644866,0.008287929589270746,0.0,0.0,2.13,0.005943060334222858
1,1966,33.17813801721744,34.1,308.66344134288653,25.950329792404357,42.30339006599514,0.011922464756707595,0.0,0.0,1.77,0.008861079149626366
2,1966,37.68862478777589,37.8,238.1346533374778,29.965359678913245,47.286499421072946,0.011226226226226226,0.0,0.0,3.19,0.010470427103364165
3,1966,47.61162418164089,48.4,175.15928745030942,38.368872327087836,58.82371500208943,0.006781165573137785,0.0,0.0,1.85,0.004906245265224335
4,1966,54.51638180764774,54.8,151.5710316821264,45.12383021874547,65.51328889210927,0.0069842965495139405,0.0,0.0,2.32,0.00580181268072572
5,1966,63.0377153662978,64.1,123.08527003398784,53.11081383947331,74.18235459004904,0.009138547042477173,0.0,0.0,3.15,0.00833609157204256
6,1966,70.92023000144655,72.45,83.20295201942818,60.581853030522204,81.93775495443367,0.007942938659058487,0.0,0.0,4.06,0.00864028968643668
7,1966,76.53635851580651,77.9,71.45365754558746,66.41456132939022,87.52231922833204,0.006806436781609195,0.0,0.0,4.57,0.00766212870603506
8,1966,73.38162237762238,74.1,66.58086931679401,64.0242551405791,84.07685314685315,0.00824018343364861,0.0,0.0,4.92,0.00967972331156582
9,1966,67.44767601066513,67.6,83.04235929312033,58.21534913886287,78.20611935995387,0.009147332354380812,0.0,0.0,3.78,0.010758084321990078
10,1966,57.28600763094,57.2,116.91104812953884,47.39623230641132,69.33606716625034,0.005555746287872286,0.0,0.0,3.54,0.006529551634573899
11,1966,48.85787527554576,49.3,177.14364566300915,40.58776845398947,59.28234206033011,0.007980835720636176,0.0,0.0,4.33,0.00853737683087625
12,1966,38.85939564977974,38.5,231.65782594436516,31.621879518072287,48.067056879217745,0.009494382022471909,0.0,0.0,2.28,0.006774806451417078
1,1967,39.242521089088534,39.4,234.31952242282338,31.321294835745146,49.411724327292696,0.009118491184911849,0.0,0.0,2.87,0.007658679551429042
2,1967,37.928120266585886,38.8,278.7534067215814,29.159948496553813,49.14778680434287,0.008432623305615674,0.0,0.0,2.13,0.006155961824639458
3,1967,47.9452840482848,48.7,261.4993296543399,38.98490553168269,59.15248445082359,0.006676704876627162,0.0,0.0,2.24,0.004506928016499518
4,1967,55.462479631597596,54.0,186.09184704639998,46.55299702423126,66.36983418367346,0.008075318172334655,0.0,0.0,3.82,0.007028773043325991
5,1967,61.13796195652174,60.5,144.5210372211893,51.26189279162987,72.18306950200422,0.007751671442215854,0.0,0.0,2.83,0.0066859751977982615
6,1967,70.42345471128885,71.1,85.09740731757087,61.188499859668816,80.72078158984074,0.011247142999105635,0.0,0.0,3.15,0.012128309317765925
7,1967,74.09668557370328,74.6,62.64985711114822,64.79484042916695,84.58012710995695,0.009541654655520322,0.0,0.0,2.52,0.00908213662240122
8,1967,73.24520296457469,73.6,60.021336126012805,63.644019854491056,84.09602230230502,0.009219498709915223,0.0,0.0,3.66,0.009524365418309153
9,1967,66.82458045409673,67.4,73.40463375316938,57.35016922859963,78.02929478138222,0.0067353291220360705,0.0,0.0,2.68,0.006349165156243535
10,1967,58.06597754654984,58.5,116.4272725981127,48.335939746662106,69.78444155310552,0.007060574229691877,0.0,0.0,5.31,0.008306337571796572
11,1967,46.81054414567012,46.6,175.18371715871177,38.74783682687557,56.72079774091069,0.006070027165710836,0.0,0.0,1.42,0.0034835676455114355
12,1967,39.5813832695462,39.5,251.28351642421103,32.450775856176094,48.53031111111112,0.011477748839316045,0.0,0.0,3.58,0.010221723145826386
1,1968,34.74445189406637,35.6,303.807522354448,27.259610999329308,44.50128153515835,0.00850564726324935,0.0,0.0,2.2,0.005379867243004499
2,1968,37.43041639790726,37.9,235.89890132459323,29.231978785924174,47.705700559300155,0.005407360805284681,0.0,0.0,1.61,0.003784232634571239
3,1968,47.900624496373894,48.4,163.92780768196818,38.45315291115439,59.51257650144596,0.007140284360189574,0.0,0.0,3.19,0.006291119762929853
4,1968,55.85826099034655,56.1,129.572706963134,46.006515698805224,67.29962489580439,0.006646507998439329,0.0,0.0,2.72,0.005504722168079825
5,1968,62.04359317497491,61.3,102.86196125846567,52.57099645318878,72.62017397122784,0.009101,0.0,0.0,2.76,0.0075634381428142895
6,1968,71.10882250781522,72.4,89.23756562050322,61.45036476064754,81.77360889197638,0.01099951526902569,0.0,0.0,4.33,0.01565774626697455
7,1968,74.88996896923906,76.1,59.824568466958475,65.28003237992445,85.52124831309041,0.008996907966533286,0.0,0.0,5.31,0.01396234978579994
8,1968,73.57229176534271,74.9,82.96572766801347,64.4218621016307,84.13519182623993,0.008765329644997695,0.0,0.0,3.43,0.008862520081514875
9,1968,67.72711709815478,68.2,74.70543006185555,57.878706237283374,79.18915239966321,0.005755145682972467,0.0,0.0,2.87,0.005662054459128237
10,1968,59.115882753919564,59.5,123.24420064887491,49.840261776535556,70.39532614628821,0.008006156552330695,0.0,0.0,5.2,0.012717732392386466
11,1968,47.0907881773399,46.349999999999994,144.2827591084822,39.5504786036036,56.35823595663804,0.011412904599659284,0.0,0.0,2.52,0.010341853983171435
12,1968,36.99180339075745,37.3,244.85663001480478,29.39173446366309,46.452747553548214,0.010646413127841224,0.0,0.0,2.44,0.008461846463901593
1,1969,36.1719792590571,36.9,332.0726597899608,29.2527055612419,45.05431794871795,0.008998324557204404,0.0,0.0,2.36,0.0065194872503343704
2,1969,38.65004928349382,37.9,196.63328574976876,31.716757658477402,47.19339501023736,0.008847382649299582,0.0,0.0,1.89,0.006591322164096152
3,1969,42.203093066319184,42.5,195.49956039113215,33.47046841780399,52.625193771863636,0.007535685963521015,0.0,0.0,2.6,0.007260348681773883
4,1969,56.74141801648195,56.9,114.95687625551557,47.08964831261102,68.03779846503696,0.007840023966446974,0.0,0.0,3.66,0.00682152998286172
5,1969,64.43947151681537,65.2,97.35312581032942,54.376650652024715,75.50566996155959,0.008590142305155028,0.0,0.0,3.66,0.009422668098858179
6,1969,70.27233543989207,70.3,104.87251824225105,61.06620748420081,80.6357076912151,0.009083593199879288,0.0,0.0,2.76,0.008530960918918591
7,1969,75.93415121648633,76.9,77.0008662856516,66.58262338020403,86.31605321202096,0.01019414690130069,0.0,0.0,3.23,0.012099904914566235
8,1969,75.14261296796069,75.6,61.83330096431324,65.03534011487093,86.35818974465434,0.008153205071371575,0.0,0.0,5.87,0.01358927391927975
9,1969,68.31745770002868,68.8,82.21819739370787,59.19049974904998,79.09501684950168,0.008395179801071155,0.0,0.0,4.69,0.012391781072889754
10,1969,56.67285892461197,57.6,169.9929234869909,48.20908398004435,67.0275102210519,0.005718113099224954,0.0,0.0,2.17,0.004346821584802899
11,1969,46.97123100194482,46.7,154.30331289887357,38.42921048840225,57.683095546908774,0.006289637459251211,0.0,0.0,5.24,0.008875344673282905
12,1969,39.146285794300915,38.3,193.4545365117905,31.968181499894964,47.88334500630341,0.01254258460140813,0.0,0.0,3.23,0.013248105795658643
1,1970,32.85073715248526,34.4,334.84313292563957,25.374443586323107,42.121261944912874,0.006995483717613501,0.0,0.0,2.4,0.005079382601733165
2,1970,40.09927536231884,40.9,219.51442712233126,31.18051270063893,51.33771464252264,0.006764474423833614,0.0,0.0,1.85,0.005151459587802777
3,1970,44.455022847100174,43.6,192.11251572114503,36.28267013498313,54.47428571428571,0.00994919168591224,0.0,0.0,2.28,0.008005356004658936
4,1970,55.05596683877536,55.3,176.55580275788284,45.679271219725074,66.02019783256964,0.006082197439074762,0.0,0.0,3.15,0.006979402929963693
5,1970,64.8057914785553,66.0,108.65915728533402,54.463132275132274,76.22769350172865,0.006617926319787315,0.0,0.0,2.28,0.00624504135746946
6,1970,71.52374745120885,72.5,88.52279411231217,61.637436270939546,82.18439912600147,0.00786985156787575,0.0,0.0,3.78,0.01034444943801378
7,1970,75.9380148357471,76.8,66.56899068933745,66.00393528331213,86.9703525754257,0.007120046171604463,0.0,0.0,3.11,0.006465124981469726
8,1970,75.47868504772005,76.2,63.626551438198874,65.53565973695376,86.57478260869566,0.007730992001470994,0.0,0.0,3.19,0.009257116668131398
9,1970,68.78300543238878,70.2,126.64181600158604,59.40374504332501,80.09568921201439,0.0076952738777931575,0.0,0.0,3.39,0.00847746235875521
10,1970,57.9736415938632,58.8,134.27713939448046,49.38274367718102,68.49006184687566,0.007272370871312359,0.0,0.0,2.76,0.0062501068497694875
11,1970,47.216962437148766,47.6,153.95321665436072,39.1615868086365,57.21478492633449,0.006114467408585056,0.0,0.0,2.24,0.00399259660538461
12,1970,40.31354533055775,40.5,272.1506743715795,32.67855707106963,49.64216157989228,0.008749033042325119,0.0,0.0,2.28,0.007288333228784187
1,1971,34.6469384331488,35.1,355.4298224354329,27.054212116126866,44.43683592110785,0.008183670869952872,0.0,0.0,1.89,0.004440955305300072
2,1971,38.71439031258801,38.8,283.3321220395289,30.741252699784017,48.87425295996993,0.018030679327976626,0.0,0.0,2.38,0.01511990846834322
3,1971,44.16054907228612,43.1,201.78382972368286,35.509738896818064,54.91927893100261,0.013287787182587666,0.0,0.0,5.43,0.01446693736443407
4,1971,53.80222819490203,53.4,137.826094921997,43.49987857762359,65.79291229287759,0.008422441486920606,0.0,0.0,3.39,0.008012921235851421
5,1971,61.561293557282525,60.8,97.69475105931275,51.74194734642708,72.6017552657974,0.013345437507321074,0.0,0.0,2.99,0.012377560251264177
6,1971,71.71244913860272,73.5,90.64579478907949,61.8269090909091,82.52763636363636,0.012258437355524735,0.0,0.0,3.11,0.012802551165654036
7,1971,74.13748946925021,74.7,70.02561775938833,64.37323053589485,84.89070688347797,0.017354631119282926,0.0,0.0,2.68,0.01537263574397958
8,1971,73.78642900198054,74.5,52.04419404157062,64.18184792904503,84.65232067510549,0.017087323943661973,0.0,0.0,6.06,0.026322177972046855
9,1971,68.22268432671082,70.1,116.94653500498727,59.51680946912817,78.83339515986574,0.014090856008408268,0.0,0.0,4.88,0.016693902979914216
10,1971,59.915564702855676,60.9,144.63240523211206,51.57166137747663,70.2393445435827,0.013043279661984698,0.0,0.0,2.52,0.013346230767132034
11,1971,46.79012845328172,46.2,176.96434073140887,38.938724153101624,56.52097200211304,0.010532244089615051,0.0,0.0,2.32,0.007986842207280832
12,1971,41.14791969243913,40.6,281.9384767467982,34.479138535167934,49.52618884707492,0.020365906155832975,0.0,0.0,5.12,0.021783175507936698
1,1972,36.118674962755236,37.3,376.828872074096,28.443797668098536,46.18887228619144,0.014355015031429353,0.0,0.0,2.73,0.011367706118757483
2,1972,37.772094979900906,38.2,292.7750823066111,29.676011965971767,48.29040404040404,0.01601909445971358,0.0,0.0,1.85,0.011415573709422932
3,1972,46.955222963483145,47.8,233.37368003104876,38.1116846633307,58.07781885397412,0.013758625015681846,0.0,0.0,2.24,0.010549911116001277
4,1972,53.91761017719219,53.5,178.6189337647815,44.47447291893857,65.40931840931842,0.01101628582249716,0.0,0.0,2.36,0.007514535214536453
5,1972,63.4169741697417,63.9,92.39557864778183,53.62893418855988,74.17847478474785,0.016317490721896324,0.0,0.0,3.74,0.015342735394469053
6,1972,69.78296452084858,69.9,82.66795759398595,60.25795683190049,80.38561499771376,0.022448671117269177,0.0,0.0,5.51,0.03691302567819082
7,1972,74.12010638297873,75.1,74.19128467704087,64.72151472153246,84.6686319709194,0.013406991698819128,0.0,0.0,3.54,0.012467413501157175
8,1972,73.4404799578059,74.1,66.10091683335648,64.23375824175824,84.15790260196906,0.012085530841550103,0.0,0.0,2.87,0.010476317417038432
9,1972,67.27877993673745,67.8,114.0142351345939,58.58501175194359,77.96174636174636,0.013910498719668332,0.0,0.0,7.28,0.017321620769031723
10,1972,55.506271379703534,55.5,160.16043873652293,47.49005878740019,65.75477444268914,0.01326158940397351,0.0,0.0,6.56,0.019503943863304424
11,1972,44.50881584871679,43.4,167.33538787179492,38.395253107548186,52.23274184831562,0.024987900355871884,0.0,0.0,3.35,0.0285412619549445
12,1972,36.63323358563633,37.8,343.31823703882253,30.0504709921648,45.21667107234118,0.02080006166178511,0.0,0.0,2.83,0.016523427024356382
1,1973,34.405279747832935,35.5,274.66457975479614,26.71018314714066,43.802949852507375,0.15111214302298584,0.0,0.0,11.81,0.28039899991523004
2,1973,37.347881958786544,37.0,216.92299957556432,29.158836771259246,47.47765273311897,0.18946017185934946,0.0,0.0,10.63,0.3562928865541889
3,1973,48.439499028644654,47.7,142.88718232176873,40.495428949983435,58.18445473719036,0.23010079368943856,0.0,0.0,13.78,0.5593387169534947
4,1973,52.98092026634796,53.1,146.09090499675818,43.556201633246395,63.75549809820932,0.22513973209983618,0.0,0.0,14.17,0.6620703052463214
5,1973,62.13124194955749,61.8,109.63836529452834,51.54129566447533,73.43453321140576,0.17034089843383662,0.0,0.0,14.17,0.5998288685424787
6,1973,71.693,73.0,84.7961810078019,60.55442447286554,83.12664194230022,0.11263555018137847,0.0,0.0,18.03,0.14038417765650663
7,1973,75.0274874016076,76.0,67.13389830549515,63.989874211208154,86.53961926185121,0.10111597986201752,0.0,0.0,8.03,0.10798486240464725
8,1973,74.31036481841898,75.6,65.17267996049198,63.32099734263411,85.9329895199039,0.08150780135315507,0.0,0.0,14.61,0.09958960712637663
9,1973,67.26978644302265,67.6,111.48793540032965,57.21352135863443,78.77665297297298,0.11628123942572631,0.0,0.0,7.76,0.14814415622880342
10,1973,59.150054411518504,59.5,119.24216524755148,48.447050685448374,71.55076626748179,0.07745808644527123,0.0,0.0,7.2,0.08528964310996211
11,1973,47.58925666812418,47.3,204.7584385134174,38.87809694793537,57.958184843045395,0.09342326471032365,0.0,0.0,18.23,0.13164063645258445
12,1973,38.25578568403219,38.0,230.53939068472002,29.791609400186648,48.56813588110404,0.10591246658084957,0.0,0.0,18.03,0.11187671105812323
1,1974,36.31236430697012,37.5,395.9286567411135,28.327777311277185,46.09445308885992,0.1027757261203713,0.0,0.0,18.15,0.14816123242567242
2,1974,38.19242009556061,38.6,251.65544727424373,28.182257839721252,50.09822408182241,0.06673445360162689,0.0,0.0,8.11,0.052369191135069396
3,1974,47.68826149063104,47.5,238.36409059537274,37.90459136436327,59.36810703917196,0.08882423891542432,0.0,0.0,17.09,0.08683972048163495
4,1974,55.22666202575705,55.55,150.15318111258827,43.89668874172185,67.56748388782442,0.08291911189358372,0.0,0.0,18.07,0.11815662239991472
5,1974,63.086872424522745,63.1,137.24262821457887,52.290914834470556,74.35295676312248,0.10329320681678704,0.0,0.0,8.54,0.11140070181722521
6,1974,70.56041365409052,70.8,90.83631716455344,58.75399191066561,81.97307759754493,0.09665063168124392,0.0,0.0,12.44,0.11334059128440609
7,1974,75.72480026911109,76.8,70.29973730294302,64.18946326255477,87.21588403601784,0.08126134980810634,0.0,0.0,13.11,0.10149898931068085
8,1974,72.74344050104384,73.3,61.432020731667464,62.1508877721943,83.93070109467702,0.11876791504158639,0.0,0.0,11.02,0.1369268465569725
9,1974,65.23519381852715,65.1,106.02143995163996,54.505691620789804,77.02475778546713,0.09842520433377686,0.0,0.0,10.12,0.12167289888664247
10,1974,56.59467164931139,56.8,114.42136862617227,45.537763562139645,68.99566899335632,0.061566259527964,0.0,0.0,18.07,0.09106600885739545
11,1974,46.455637994996124,45.6,157.30893309667604,37.54590057543374,56.83696741854637,0.07314485729671513,0.0,0.0,10.47,0.07067125107056009
12,1974,38.3320180811964,37.0,170.83251387816813,30.16045675618524,47.45322532887779,0.08293540717257776,0.0,0.0,18.03,0.07884846920151346
1,1975,37.06427337462605,36.6,266.190258612607,28.21220706836127,47.27238976178409,0.08642931213273418,0.0,0.0,10.16,0.0639056940029787
2,1975,37.3861252900232,36.8,277.8503898771041,28.803335966175716,47.31531167201227,0.08903933770418936,0.0,0.0,5.04,0.06563613325270366
3,1975,42.65126929028481,41.9,228.46139435286761,33.581837982742734,53.0775358981873,0.10479585158334592,0.0,0.0,7.2,0.09166088748253784
4,1975,50.658841940532085,50.0,192.73340918790242,40.79059181897302,61.27308529155788,0.0812221441477615,0.0,0.0,11.18,0.07729837578627702
5,1975,63.99501621437105,64.4,113.25245307846464,53.01406844106464,75.36197976693559,0.09245963162312973,0.0,0.0,10.55,0.09184986596290622
6,1975,70.32399510660609,71.7,92.22330676311717,59.73287976898845,81.12942076502732,0.10125731289086141,0.0,0.0,7.17,0.09474171358196552
7,1975,75.29291145657317,76.2,55.32050908463555,64.55715253376233,86.22850804918241,0.10587579617834394,0.0,0.0,10.51,0.14499212320788007
8,1975,73.81565334796001,75.1,71.6775954686885,63.21332146188416,85.12508338610935,0.09528483088166402,0.0,0.0,12.68,0.10326455461364441
9,1975,65.58231588544905,64.6,100.44093104228786,55.309665087675555,76.87032151006015,0.09390095569070374,0.0,0.0,13.35,0.10879636498399618
10,1975,58.34395918211933,58.5,125.14147357871596,48.157182625939065,69.82626039203721,0.06750324172836407,0.0,0.0,6.02,0.07442267499785685
11,1975,48.15886343021651,49.2,217.6155837057918,38.903421738100874,58.76819420850946,0.062215645567383716,0.0,0.0,6.06,0.04992939584849968
12,1975,38.45908761766836,38.2,212.1412161962627,30.145705779067104,48.27491025738944,0.06345434347922684,0.0,0.0,5.63,0.05004246619880553
1,1976,33.886592603865466,34.2,269.68292033761776,24.51403161302609,44.719942824471126,0.05911901882881327,0.0,0.0,5.71,0.047971489008166904
2,1976,43.03338462784482,43.5,234.20050450382,33.199509625126645,54.4226137793837,0.052866928033887615,0.0,0.0,5.08,0.03882656178632204
3,1976,46.540002281282085,46.7,233.36330507984425,36.84621826348445,57.75086262710896,0.07084450747808149,0.0,0.0,5.16,0.05365769997971611
4,1976,55.18829866415952,54.5,137.85458257506008,44.114365832614325,67.18838175900875,0.061583712348751395,0.0,0.0,8.15,0.051602550747788765
5,1976,61.56480663824605,61.7,94.41186860864548,50.45863213304852,73.38081131571924,0.09034526315789473,0.0,0.0,10.35,0.09974803860550362
6,1976,70.37140836770772,71.8,91.61303649760448,59.20121639176475,81.77369993317872,0.0811311362856162,0.0,0.0,8.07,0.08272582857346775
7,1976,74.20210663398193,74.8,66.70560172119048,63.38125095932463,85.4382363085885,0.08187771819448549,0.0,0.0,11.1,0.0906570981281941
8,1976,72.48708353911029,73.1,71.29880816059911,61.5197792998478,84.03336121354978,0.06874035349763505,0.0,0.0,12.01,0.06875368479034848
9,1976,66.50718017732741,67.0,88.26853966337464,55.98375079264426,78.38982802345855,0.07798444252376836,0.0,0.0,11.69,0.08307489495653707
10,1976,53.73387464717937,53.8,147.5180965285593,43.43643611874443,65.59133849129594,0.08038363821138211,0.0,0.0,7.01,0.08141591887519832
11,1976,42.659256759439394,42.7,195.50318864792084,33.0344397185674,54.29183235247336,0.0421004723057106,0.0,0.0,3.98,0.030518401172004307
12,1976,34.925477904186984,35.0,243.3371760128432,24.90126263604322,46.83721940061257,0.05123512991196049,0.0,0.0,5.24,0.03443072829684466
1,1977,27.39741957747019,27.5,296.5777521601821,18.64113200306984,37.568292401706444,0.053081857055589494,0.0,0.0,6.18,0.03641058726867225
2,1977,38.46743491075814,38.4,223.87756271631886,28.332235709013368,50.17456946039035,0.039924476168547086,0.0,0.0,9.45,0.033148285720775314
3,1977,47.08132803005193,46.7,175.35824371358336,37.22388043197818,58.3137389380531,0.07863944165178015,0.0,0.0,7.24,0.0820793910142956
4,1977,56.578559091083555,57.7,151.03281986443568,45.05487518750721,68.9616490486258,0.058462379150903736,0.0,0.0,7.05,0.05807471326366523
5,1977,64.11051215917465,65.8,122.86658354696077,53.25601489895265,75.47696078431372,0.06281833685236315,0.0,0.0,11.02,0.0686648994696503
6,1977,70.99279975746552,71.7,107.82187410292646,60.03102152374445,82.40844616376532,0.06797820415719935,0.0,0.0,10.71,0.06617116569365661
7,1977,75.63222037345164,76.9,87.95774897081,64.76521529860416,87.04643874643875,0.06314090375824265,0.0,0.0,11.5,0.059451805980751095
8,1977,73.25755459812807,74.2,91.06453491047533,63.49532592124345,84.08716929250892,0.09368388223552894,0.0,0.0,10.83,0.0972735619774925
9,1977,67.98465073878528,68.1,109.65134723708657,58.5909294981547,78.64875498954571,0.08738954626713204,0.0,0.0,5.67,0.09188546379230246
10,1977,56.498664318215184,55.3,107.74876927016156,46.368044380763436,68.22499632569077,0.06001088183137192,0.0,0.0,6.65,0.05937358014839751
11,1977,47.55341088555911,48.4,220.1092688931467,39.043977180742395,57.67629518188482,0.07815610909250098,0.0,0.0,14.02,0.09548455193568711
12,1977,37.48254373312623,37.7,275.02873735638855,29.432692948362018,47.1071338571005,0.07917281235174882,0.0,0.0,5.05,0.06538842122577891
1,1978,30.5267676952996,30.3,279.52771183642557,23.039613774873338,39.309841608173166,0.0962878093492209,0.0,0.0,8.94,0.09521971096399626
2,1978,31.7443871175783,31.1,253.65012902717228,23.468704876376396,41.02637353771682,0.049071335565476194,0.0,0.0,5.47,0.031771425130039596
3,1978,43.82370453638902,43.8,234.2375121244781,34.33829293075918,54.55109690541915,0.06306688881664499,0.0,0.0,5.28,0.052202423777827925
4,1978,53.84918315347722,52.9,142.24394732239486,43.859407685098404,64.96959358128375,0.06414434899781034,0.0,0.0,17.13,0.06311671845587416
5,1978,62.25498946909725,62.3,141.74677341202533,51.91527419413454,73.27217719954938,0.09156295399515738,0.0,0.0,13.27,0.12086393990038989
6,1978,70.88244805440121,71.3,103.69362519800832,59.78458628126064,82.22550924001361,0.06824799735733751,0.0,0.0,7.72,0.07754305498318827
7,1978,74.73717151013835,75.4,88.7575406688735,63.937028889866546,86.01418582515741,0.07571257437208002,0.0,0.0,12.13,0.10162637804929024
8,1978,73.6380410440912,74.3,83.61337036016293,63.194398881983005,84.82340605259293,0.07175043119008463,0.0,0.0,10.28,0.08358310514171184
9,1978,67.89704003326655,68.8,120.05495608024297,57.7333308082721,79.38623898324319,0.06130991341812005,0.0,0.0,12.13,0.0869185922834415
10,1978,56.98222867220222,56.6,122.6418302534712,45.97511405445181,69.58126517995143,0.03198622318441252,0.0,0.0,5.12,0.023495621759491304
11,1978,46.03027596473147,47.1,234.96493263244545,37.587138546162954,56.31210361427371,0.06363353069492055,0.0,0.0,5.28,0.05009289605665943
12,1978,35.41139235974365,35.4,279.94734890623454,26.906731148128248,45.50406180540618,0.06252097976570821,0.0,0.0,5.39,0.055770537974672796
1,1979,28.19692724146761,29.1,336.0827729692816,20.41920796427787,37.17006115200117,0.09773491943716986,0.0,0.0,5.83,0.08870003164678998
2,1979,31.20393345265213,32.7,345.5439291231798,22.671806561914842,41.215644872003914,0.07621696009111184,0.0,0.0,5.39,0.06559325247050474
3,1979,45.55627175785115,45.6,182.91236767401918,36.34424240202368,56.406663977114356,0.06206962656238019,0.0,0.0,10.91,0.05751793572171944
4,1979,52.98057226650624,53.2,162.6627866775753,43.23975241750385,63.73969359331476,0.07646591713185,0.0,0.0,16.22,0.10244149412077454
5,1979,61.818901477651885,62.0,112.34593012204009,51.475445035786386,72.94457000293514,0.0781320182094082,0.0,0.0,10.59,0.08993603022029083
6,1979,69.84569976099245,70.1,86.20734691812355,58.519708944448666,81.27938966066955,0.06191455635028031,0.0,0.0,5.47,0.06737871911419503
7,1979,74.53455961034649,75.0,64.63258640106798,64.14056969741752,85.38600848865104,0.07917557882096889,0.0,0.0,11.85,0.11596439460622476
8,1979,72.74187117694746,73.2,71.00359773672987,62.850523791958686,83.60892370070033,0.07215816731561638,0.0,0.0,6.69,0.06572083359397903
9,1979,68.30774752758792,68.3,80.99029929840573,57.309388395590936,80.1119642447857,0.07918685592066887,0.0,0.0,11.14,0.16918501583406984
10,1979,57.50823598994529,58.0,139.94863720459304,47.30772675128594,69.28130879194133,0.05014928809916721,0.0,0.0,12.01,0.0480182959498503
11,1979,45.33729347276756,45.4,175.87041654504046,36.39425224734405,55.80832263336057,0.05971051026631429,0.0,0.0,11.5,0.06357852072997888
12,1979,39.5962493064546,39.1,172.0784685832539,30.821199777818922,50.278104247820444,0.043807043937815836,0.0,0.0,8.11,0.04182671795516448
1,1980,34.9716264006254,35.0,265.8539815964025,27.423342273878706,44.12023263617045,0.05698324898983955,0.0,0.0,5.71,0.04424036139063604
2,1980,35.2552614947069,34.1,255.57663634876332,26.68809439108265,45.2705982499901,0.04562222314495702,0.0,0.0,10.2,0.03683815094203848
3,1980,42.60359361135759,42.2,212.80281697419096,33.46701324650337,53.27344421395762,0.08330097464373083,0.0,0.0,11.1,0.09082963203423176
4,1980,54.22693851279721,54.1,128.89653338563957,43.37290765611959,65.86643913538111,0.061731088451505815,0.0,0.0,8.98,0.06717926478502181
5,1980,62.9506284122971,63.0,103.40802113311567,52.32172732609334,74.04160219981668,0.06564710308502635,0.0,0.0,13.43,0.07770805409635272
6,1980,70.37679344112958,70.5,115.09859751413657,59.031149971488304,81.85575842696629,0.0564502703333463,0.0,0.0,11.02,0.06217018249846822
7,1980,77.05734551752091,77.4,85.6414504816529,65.57161613926385,88.6690241026019,0.049290702913787926,0.0,0.0,9.72,0.04959699978889452
8,1980,74.865667868694,75.3,83.84801488128323,64.44732628286289,86.2217920107119,0.05810009478672986,0.0,0.0,9.41,0.06762387562560693
9,1980,68.5973384756377,68.4,114.29304939442262,58.26203243325939,80.25902560183417,0.06179542259022028,0.0,0.0,15.39,0.07243265884558532
10,1980,55.73259127994979,55.8,152.40311188134342,45.302031001442785,67.65102599179207,0.04749506978155339,0.0,0.0,7.09,0.05193047557018489
11,1980,46.01337323836945,44.9,159.89151881973393,36.81902305825243,56.62126465121572,0.045424236453201976,0.0,0.0,18.82,0.062133861751973676
12,1980,37.77499813167925,38.4,252.52664703299186,28.771006957432483,48.6113696833427,0.03604161777360557,0.0,0.0,6.54,0.03256428756967286
1,1981,34.109869811950595,34.4,231.36954761287157,25.055850807199853,44.95643663645818,0.02321593355890495,0.0,0.0,5.0,0.014488661487950702
2,1981,40.19490181579164,41.4,259.67258195289196,30.56303516347933,51.35154864519322,0.06235780053351691,0.0,0.0,7.72,0.07236938998023994
3,1981,45.76434930998665,44.9,141.8877031974363,35.788131313131316,56.788429261047156,0.04792116071085863,0.0,0.0,7.28,0.03904201635437178
4,1981,57.5082511006528,57.4,137.2340610396147,46.859933875503536,69.26931844084795,0.05050698131760079,0.0,0.0,11.46,0.03938027710080313
5,1981,61.740785877834405,61.45,102.18729165256559,51.25481689516278,72.86778483818532,0.07558210993513145,0.0,0.0,12.01,0.0952217409910105
6,1981,72.31914770980633,72.8,97.13628823333946,61.784000923467616,83.21258456334564,0.07903165956102953,0.0,0.0,14.02,0.09992056952386531
7,1981,75.60425810310666,76.0,74.01237419627853,65.18081406244144,86.42450445059465,0.07132255974387315,0.0,0.0,11.14,0.0875882263750907
8,1981,73.84938149249348,73.5,62.170274468766785,63.37270149858242,84.73845532336847,0.06570088918777553,0.0,0.0,13.39,0.09248943774776164
9,1981,67.15786079011019,67.5,94.79475420422445,56.50800785007889,78.64576160467261,0.05283445999056752,0.0,0.0,10.79,0.06341265490490469
10,1981,55.52266356018188,54.7,133.100623886015,46.05483919503479,66.47964418700869,0.0666365399534523,0.0,0.0,6.89,0.07064191219129363
11,1981,48.14553316346228,47.8,144.560408408441,38.88374627961811,58.87147992115333,0.04181280473183598,0.0,0.0,5.04,0.03434216742645638
12,1981,37.695251771726966,36.7,206.38033367714357,29.85262293245716,46.711023974904776,0.0540521327014218,0.0,0.0,6.26,0.04438314511571681
1,1982,30.244644154652185,30.9,382.1681888639237,21.292143650216317,40.89868340242592,0.06748689410436326,0.0,0.0,5.75,0.06551062560957338
2,1982,36.866782536726674,37.2,321.71549107524606,28.232405451306906,46.946200066302005,0.06007623723995348,0.0,0.0,9.07,0.06846910600706745
3,1982,45.479701292413125,44.6,219.82999542626564,36.48104772557792,55.754313206280536,0.05682221365214038,0.0,0.0,11.87,0.05059718270681232
4,1982,52.22327942979767,53.0,185.07469123381492,41.74185118385203,63.21996930161166,0.06300291315644438,0.0,0.0,19.02,0.07984171244377879
5,1982,63.657896288652196,64.1,103.4813312958923,53.2034191501918,74.32565369721557,0.0689965112353228,0.0,0.0,11.9,0.07780109006135721
6,1982,68.32596401028277,67.8,100.61123485337683,58.21377119469889,78.65638588015273,0.08614959879240486,0.0,0.0,10.93,0.10906639179322891
7,1982,75.00966402706234,76.1,73.98197633735413,64.55630145418174,85.55230715988617,0.07465552099533437,0.0,0.0,12.01,0.10857758652809305
8,1982,73.31226457567345,73.8,80.22389077065357,63.17032112676056,84.04317021915341,0.05976724728074846,0.0,0.0,9.56,0.07474062204972282
9,1982,66.7219543147208,66.8,108.72477238325298,56.97517225451326,77.46345376890223,0.05734022076442629,0.0,0.0,13.39,0.06711356875974112
10,1982,57.20440603790379,56.6,131.43559441297703,47.2278010918409,68.31557568781791,0.046281886792452834,0.0,0.0,5.71,0.040372729322074516
11,1982,46.57804081318935,46.3,199.6173709654362,38.28534718215041,56.08765099638378,0.06833167509054006,0.0,0.0,10.08,0.06919147750616099
12,1982,41.274877084026464,40.6,238.398617614282,33.678631434809965,50.23010398549384,0.07509537516791402,0.0,0.0,11.81,0.0935949081904018
1,1983,37.02575151784392,36.3,176.95161553604888,29.43909741005595,45.878009113473865,0.04944825209633572,0.0,0.0,8.94,0.04440761025090745
2,1983,40.281803079416534,40.0,175.59776643149988,32.30299590546074,49.443404565913795,0.0705161046487213,0.0,0.0,11.1,0.07786025353073527
3,1983,45.9909767610748,45.8,150.08916546443717,37.943588066426834,55.23311171662125,0.08657973428214542,0.0,0.0,5.59,0.07392509443522358
4,1983,50.98102474548562,50.9,137.29386539358404,41.5961502696671,60.96007734642272,0.08239941590131808,0.0,0.0,10.93,0.1014367681373878
5,1983,60.914224353926556,60.8,122.45520017330931,50.44781549048421,71.52620284455271,0.0756614028644877,0.0,0.0,9.02,0.07877203122165378
6,1983,69.77548633756888,70.8,88.28193223123057,59.164077560664595,80.26978967495221,0.06896128566543824,0.0,0.0,11.1,0.07477198334156851
7,1983,76.05194426205588,77.4,81.22818995990323,65.01525906451965,86.87462414246096,0.0498865185512693,0.0,0.0,10.04,0.060371446222443816
8,1983,76.47799709196657,77.4,67.62292601111581,65.91461205485432,87.45630771468043,0.055711968143942185,0.0,0.0,10.93,0.06482734788153588
9,1983,68.37248589695373,69.2,126.28960211674722,57.68529511469358,79.89398139429777,0.056840758981407245,0.0,0.0,10.83,0.06512459807596589
10,1983,58.262934444016665,57.9,123.4818301566754,48.92094017094017,68.82506479859896,0.058220475254600675,0.0,0.0,7.85,0.06523486205216085
11,1983,47.687131655268715,47.9,176.5331464880018,39.695035308456106,57.03898286861157,0.08497254286674885,0.0,0.0,5.04,0.07879917830316108
12,1983,31.96858529093511,33.1,410.4306606660779,24.560571648205737,40.492217871626345,0.07675260397429268,0.0,0.0,8.86,0.07875421596946779
1,1984,33.21973133286811,33.9,291.2162745361382,24.909750986623827,42.5329107735289,0.033520887539751375,0.0,0.0,5.12,0.024342057024574374
2,1984,41.47844226007353,41.5,193.84156878860355,32.24882664363759,51.69805865344899,0.052849582818294195,0.0,0.0,4.46,0.045623397314308006
3,1984,43.575570768321924,42.5,239.91522053968978,34.41094956521739,53.63037855876526,0.061115088598532305,0.0,0.0,6.85,0.058209900658342785
4,1984,53.3667125470878,51.9,138.12919219150078,43.528778100072515,63.886739390425106,0.06461850076188352,0.0,0.0,6.5,0.059646999141838984
5,1984,62.706784761644215,62.5,136.43449382385324,51.94314927724875,73.63093217438916,0.07152808988764045,0.0,0.0,14.72,0.08507906518937165
6,1984,71.01751200532792,72.4,103.21080941538642,60.324429007472894,81.59585130633,0.058504238349011056,0.0,0.0,10.0,0.06612176290320279
7,1984,74.68983074265977,75.2,69.38207144186826,63.828517531411165,85.51479740008297,0.07119040112103696,0.0,0.0,12.13,0.10304561905023618
8,1984,74.9325995445449,75.6,61.61903522826432,64.35952660677263,85.81673284762266,0.05675637937654903,0.0,0.0,12.05,0.08253365924637471
9,1984,66.22997981514926,67.3,142.63512285177802,55.6245780141844,77.70780657283653,0.0472891066988577,0.0,0.0,9.79,0.06045209223412437
10,1984,58.01343456747995,59.0,157.740233442901,49.21752528013118,68.03200450912072,0.0690366700394264,0.0,0.0,10.0,0.07856564209559656
11,1984,46.11968291630716,45.3,159.55391240709403,37.19026653717492,56.389111191075926,0.05930778557519198,0.0,0.0,9.04,0.05951812752352446
12,1984,40.349484207167926,40.4,299.0376132655712,32.122246266274075,50.02943726019611,0.05035800482703137,0.0,0.0,5.08,0.033667705069765665
1,1985,30.993777419015196,30.7,269.6686567014044,22.60231822971549,40.70524131138315,0.03384837962962963,0.0,0.0,4.5,0.020741922537975438
2,1985,36.21478101492993,36.7,319.1631154830118,27.0764737365242,46.32189435058481,0.0521121878200583,0.0,0.0,5.79,0.049513403367701055
3,1985,47.40503258384797,46.8,182.90077957192068,37.71437401816816,58.218121905412325,0.04988748340205465,0.0,0.0,5.2,0.04246120968992402
4,1985,57.44163939041988,58.4,158.96682973522263,46.32236090543685,69.02968766505863,0.04123981478157867,0.0,0.0,11.61,0.043429922348964076
5,1985,64.59006611570248,64.9,102.31847217652657,53.55028119624189,75.54146551154024,0.055646719142061665,0.0,0.0,9.8,0.053115397943741566
6,1985,70.00193177147554,70.3,112.16020246782345,59.11882054272874,80.79891386281093,0.061524945310846096,0.0,0.0,10.71,0.06968577297426537
7,1985,75.084774105222,76.0,76.1022609115803,64.15337601672492,85.86331659929587,0.061567612137203166,0.0,0.0,10.56,0.07564753426548101
8,1985,72.73119339201428,72.8,84.01320235188268,62.4913357400722,83.16802883848534,0.06677601296596435,0.0,0.0,9.04,0.08247089183602724
9,1985,66.00284352399737,66.4,137.3313726301055,56.494143966311356,76.39737906540826,0.06058217223434615,0.0,0.0,7.83,0.0809080078274727
10,1985,58.11343169433734,57.4,137.7718453964567,48.99913257008005,68.41055635262235,0.06459051300530695,0.0,0.0,9.45,0.08778475450983048
11,1985,45.685430604226404,47.4,335.77427905262664,38.08671011618022,54.46499060982956,0.07702938609252255,0.0,0.0,8.9,0.07850167522298723
12,1985,33.957102302233,34.3,300.255056621752,25.14801801801802,43.908248101792466,0.03317686859076013,0.0,0.0,3.75,0.024348241658321956
1,1986,38.38679958748711,38.9,243.82227615392847,28.9840667469465,49.37568442439478,0.03330312641594925,0.0,0.0,9.45,0.02829793177795618
2,1986,39.59415851198924,39.1,323.5477304146423,31.326815684222332,49.03697865967802,0.057486317736838044,0.0,0.0,9.04,0.05318514001321226
3,1986,49.017984118092855,49.8,199.90358917452014,38.54128376818287,60.2785445668668,0.04141618788428586,0.0,0.0,9.04,0.042145353392940094
4,1986,55.72414232087482,55.5,142.63840126459107,45.194265268110975,66.8447399372713,0.03890748691801959,0.0,0.0,9.04,0.02795995158998056
5,1986,63.60231232283339,64.5,125.26684138505976,53.05264131093187,74.18278510868873,0.05275888917726447,0.0,0.0,12.01,0.058623378128811784
6,1986,71.45566619870058,72.6,100.49972603928411,60.9159728122345,82.06576326530612,0.06450473815461347,0.0,0.0,12.72,0.08388092365747189
7,1986,74.85438535031848,76.1,99.78630389940096,64.55342749649279,85.1298203134956,0.05613967022308439,0.0,0.0,9.79,0.05965421696869048
8,1986,72.74220741968384,73.1,84.78488333750214,62.424598009188365,83.40901090491677,0.0617417999676846,0.0,0.0,8.51,0.06786498568322546
9,1986,66.41819048871933,66.6,123.9963824647487,57.552485678540855,76.15132760833086,0.0651323890589779,0.0,0.0,11.02,0.07671056974796632
10,1986,57.37159521726451,56.8,128.764167866735,48.01471160708493,67.883276594365,0.05593816277836691,0.0,0.0,10.35,0.07314885967230329
11,1986,46.268218568926024,45.3,230.10505667883848,38.178161462197345,55.76850271528317,0.059399055161873,0.0,0.0,6.94,0.05930591599174288
12,1986,39.06725576181213,37.3,176.43344472754777,31.653755775577558,47.65456975938212,0.047849649158662036,0.0,0.0,12.02,0.051673425361971
1,1987,35.65683256427159,35.3,214.42652736113217,27.504084125726358,44.96067018818091,0.05077843695346525,0.0,0.0,5.35,0.04596824861046483
2,1987,40.34173975557153,39.0,179.1563360219931,31.722193831647893,50.047641152974194,0.048747009239150436,0.0,0.0,4.33,0.04267265509071971
3,1987,46.28496073635428,46.8,167.38064053786778,36.62528635498338,56.787324034611906,0.05363248851733139,0.0,0.0,5.86,0.04843980505377341
4,1987,56.15021844255461,55.9,136.80787623629922,44.32243344732783,68.00013400335008,0.03321849655830437,0.0,0.0,5.16,0.029546011688535326
5,1987,65.18564012718188,66.2,113.71767964440814,54.7131400871885,75.86603982300885,0.05712366301333686,0.0,0.0,5.2,0.053367399054450294
6,1987,72.22650924702775,73.6,84.41683381311788,61.45679674312382,82.78658992424994,0.06339415447453882,0.0,0.0,4.61,0.06520629103453117
7,1987,75.19247753775569,76.9,81.05940334384827,64.70632660878448,85.49928541806234,0.05328291786255603,0.0,0.0,10.0,0.05316511219561368
8,1987,73.85793924309145,74.3,94.89416567368683,63.463675938670335,84.52357492247194,0.05769594353977144,0.0,0.0,17.09,0.08226788138764994
9,1987,67.98070559769813,67.8,84.18298611559398,57.20738354318025,79.18820847546576,0.05306870025641879,0.0,0.0,10.75,0.06049786596747573
10,1987,55.91373701432792,55.4,123.02034439302926,44.69455247948399,68.00678822776712,0.025668861772871067,0.0,0.0,3.74,0.02015988608270867
11,1987,48.51663982117616,48.3,169.7684522328232,39.642716814451006,58.53453239790853,0.05301568521398147,0.0,0.0,8.82,0.06190580679226729
12,1987,39.70674413379129,38.8,205.1209538089868,32.021871476888386,48.29339497591413,0.05411739159484199,0.0,0.0,9.84,0.05320352224922083
1,1988,32.77748069682854,33.6,300.1753615352364,24.11907457150166,42.47681527434026,0.03963885962602054,0.0,0.0,4.41,0.029671155170044473
2,1988,37.480841983064735,38.1,292.6378912294424,27.56147366979388,48.53842098008133,0.03918185015828351,0.0,0.0,10.51,0.03879029757763848
3,1988,46.31313564668769,46.0,201.77303417510555,35.75740758338877,57.649704160834716,0.041297754259163655,0.0,0.0,5.55,0.035739847191884694
4,1988,54.71440500370764,54.1,129.24369821525556,43.64532469635627,66.3748237205524,0.046753969822758125,0.0,0.0,7.58,0.039454718434640275
5,1988,63.82233407904549,64.5,115.30612330310973,52.076916120985345,75.08845925602024,0.04123792079833259,0.0,0.0,4.33,0.032958284336166224
6,1988,72.12706320418579,73.7,112.26086071560594,60.03427320715849,83.68816314705126,0.034792625234916726,0.0,0.0,6.9,0.03488462534595469
7,1988,76.17474134406743,77.3,77.56138537793433,64.98711406856097,87.19322263532673,0.05804919180348734,0.0,0.0,4.8,0.06157451541507279
8,1988,75.30363976900266,76.8,84.04786338274772,64.66305852146414,86.30022519000407,0.05579138737827242,0.0,0.0,7.24,0.06324041773086032
9,1988,67.31210386754624,67.2,105.0876939340424,56.69040423734321,78.58410264739321,0.059303179285480165,0.0,0.0,6.84,0.07729034663842166
10,1988,56.30867231638418,56.1,139.43568642578185,45.94367961134421,67.51674671385237,0.03231919800140926,0.0,0.0,4.36,0.027053757627004956
11,1988,48.49839122960656,47.7,184.217763873012,39.64896942463612,58.229701029243586,0.0631564086187771,0.0,0.0,7.48,0.0698562462427959
12,1988,38.300875695498235,38.3,245.17126318305577,29.183047189870205,48.639433613659534,0.031122795558458524,0.0,0.0,4.13,0.02143005971092136
1,1989,39.089169675090254,39.1,248.49920523444175,30.023495476182973,49.402054317548746,0.03749103942652329,0.0,0.0,4.92,0.024910644980736293
2,1989,34.45796457127103,34.0,386.61547197613606,25.867639734366353,44.27560288130285,0.042377685178532944,0.0,0.0,5.98,0.03787208826446936
3,1989,45.93951141795008,46.2,292.2816415482224,36.254989330990334,56.81886732923174,0.05460180412371134,0.0,0.0,5.47,0.04446261407580667
4,1989,55.563499950962765,54.9,183.37737209674737,44.59692535350214,66.79894601627088,0.04005204336947456,0.0,0.0,5.08,0.030743481644503388
5,1989,63.2722808671065,63.0,135.72449694960727,52.484245428995486,73.94897417254133,0.06538000064162203,0.0,0.0,7.76,0.07313826672737864
6,1989,70.34601325696634,70.9,98.2319554990042,60.108348129257195,80.75913804800827,0.08840060045716626,0.0,0.0,13.58,0.11134885090922676
7,1989,75.33102267730385,76.0,75.35096739333568,64.77155020181634,85.78832399420764,0.06173446893787575,0.0,0.0,5.98,0.06602769728541585
8,1989,73.04351304239556,73.3,78.98174328772171,63.06415882316276,83.37320316392625,0.058892732413104935,0.0,0.0,10.39,0.06801182274687438
9,1989,66.8754955537591,66.7,113.07101249937426,56.48047396745121,78.00487560257531,0.06621039552702424,0.0,0.0,5.83,0.08424573573426472
10,1989,57.71958814352574,57.9,143.2382433949113,47.25533510389002,69.4072149170753,0.044699709234317035,0.0,0.0,8.63,0.05908455637992901
11,1989,47.245604448899094,47.2,215.10766570502034,37.80047577434703,58.07433539487744,0.04304526748971193,0.0,0.0,10.0,0.049217220500183435
12,1989,31.738552306033114,32.1,328.9909158930111,22.789335197661117,42.252791748901764,0.03106860765770552,0.0,0.0,5.63,0.026204649337877636
1,1990,41.23309034267913,40.3,184.24244965382186,32.5504941543258,51.324751270935344,0.05807087709536064,0.0,0.0,5.63,0.05614635313019392
2,1990,41.35231976425439,41.3,263.9357544787026,32.125460343586056,52.003430061055084,0.06366365905164138,0.0,0.0,7.44,0.06335493832181259
3,1990,48.113752718235475,47.9,202.8771966097631,38.768551972886414,58.734588710931426,0.056336315825421764,0.0,0.0,10.63,0.07645335063562576
4,1990,55.55914612534236,55.6,162.9783802079109,45.41222232969017,66.62429686492065,0.05242490790592236,0.0,0.0,4.27,0.04170215687736074
5,1990,61.779132295478504,61.0,125.88243287708595,51.94215019713763,72.0947474559444,0.08070567810457516,0.0,0.0,6.3,0.08752305944826855
6,1990,72.03859620736523,72.75,118.86437514331195,61.246274560664034,82.71078815342288,0.05194438673038299,0.0,0.0,7.05,0.04861356521401421
7,1990,74.86923028430941,75.5,78.55689779680137,64.72543859649123,85.3333554042124,0.06289115303137294,0.0,0.0,10.63,0.07537694595004196
8,1990,74.16577884886232,74.2,72.46055031591068,63.94659999372982,84.68804671112363,0.05979369417411012,0.0,0.0,5.81,0.06717197023520816
9,1990,69.27230360383719,69.6,104.32950285722966,58.910420659412054,80.42376706332479,0.04361427538975118,0.0,0.0,10.28,0.044675173072637575
10,1990,58.380966059886966,57.7,150.05824570380588,47.894579538697464,70.05075475825859,0.062486051251211115,0.0,0.0,12.17,0.08778847019466703
11,1990,49.60165195008309,49.7,176.9751145730257,39.975882084393135,60.573700864459305,0.0428323820862075,0.0,0.0,5.63,0.042210707634044914
12,1990,37.8021771604742,39.1,358.0075697941828,28.953831222554573,48.092659906893694,0.057737032312925166,0.0,0.0,7.28,0.055815893570982364
1,1991,35.08074377068631,35.2,294.32277766380747,27.077553124999998,44.396283329686476,0.061855407386720664,0.0,0.0,8.11,0.07298612271242488
2,1991,43.13296684239734,43.3,211.0780179326515,33.567490454703226,54.153500156179504,0.036021019324217425,0.0,0.0,6.1,0.036901544499028854
3,1991,47.316905956112855,46.3,189.28052893877214,38.146894409937886,57.77746027758588,0.07312721654552477,0.0,0.0,10.16,0.08137500843087472
4,1991,56.15251663759126,55.9,151.0444211854734,46.370107693800335,66.58900345864176,0.07247158087975711,0.0,0.0,10.42,0.08719753802727682
5,1991,64.98239952422686,66.5,143.2360113078688,55.37902952792928,75.20683447606524,0.07629539377940231,0.0,0.0,7.8,0.0808121807961519
6,1991,71.16186407513696,72.4,97.22962410232122,60.88294793912078,81.49249714565323,0.060754320732631005,0.0,0.0,6.5,0.06544717413781244
7,1991,75.23915333780289,76.2,80.07865916437379,64.8071892289488,85.90428867954654,0.06429957406530998,0.0,0.0,5.34,0.06930747564905271
8,1991,74.3985670712334,75.1,65.33136800987862,64.1033799496671,85.23048342497538,0.06210687279448832,0.0,0.0,5.9,0.07313723264584622
9,1991,67.17640265109259,67.5,121.65023226651721,56.95755132929718,78.43739373051042,0.05481520114043322,0.0,0.0,6.97,0.05542476504847232
10,1991,58.123631372298654,59.0,181.15351323804887,47.656389653626995,69.88383382903196,0.044591167170978815,0.0,0.0,7.17,0.05475989421954412
11,1991,44.600823696089094,44.3,219.71208894258933,36.37023703557182,54.36492205266801,0.04640352787456446,0.0,0.0,5.39,0.0391770072076183
12,1991,40.21763755613712,39.5,230.4368840600358,32.32382846609101,49.448199159392175,0.0569941261299286,0.0,0.0,6.85,0.059939976011926605
1,1992,37.562548838982245,37.7,211.0559728424765,29.485100769279676,47.009590914874664,0.04914331409498644,0.0,0.0,5.94,0.04478990616665979
2,1992,42.52098151260504,41.9,202.83613376381655,34.19224842714396,52.39553283100107,0.05663544776119403,0.0,0.0,17.95,0.06972826293237105
3,1992,46.9230891769483,47.3,185.81802500407267,37.54513799893727,57.47058897086407,0.05636624923013755,0.0,0.0,10.43,0.04944185785006809
4,1992,54.77749376159703,55.2,163.34788357364133,44.72805225577151,65.66173420395621,0.04471148517594902,0.0,0.0,5.6,0.03529365095325816
5,1992,63.18350413017825,63.9,103.54324143330751,52.35002647067983,74.38200155400155,0.04453862801678909,0.0,0.0,4.02,0.03664194485968833
6,1992,69.38971126474176,69.6,95.68867377948301,59.19392589338939,79.77527787344626,0.07016220519454672,0.0,0.0,6.85,0.08033361994349471
7,1992,72.55775192645265,73.1,103.9193855321503,62.920984780662494,82.98827491654745,0.08192212627997303,0.0,0.0,13.82,0.12043211039671181
8,1992,71.18083441981746,71.5,93.59659891850322,60.95330124205146,82.21858787914762,0.07320464048794291,0.0,0.0,13.9,0.1334614931457917
9,1992,66.52310794420862,66.8,121.36181447089704,56.28561721059207,77.97039107842839,0.06451133371861555,0.0,0.0,19.02,0.12720547800607476
10,1992,56.864381855914615,57.2,143.18977106827003,46.422034906193325,68.664460085531,0.04197722664170956,0.0,0.0,7.76,0.039577184856038665
11,1992,45.10681616622323,44.2,202.12932289636097,37.62487877539378,53.881689426824245,0.08305281506013595,0.0,0.0,7.92,0.07695457275781482
12,1992,37.20759672322278,36.9,253.4362671530238,29.627545976482146,46.032915437561456,0.06127952421410365,0.0,0.0,5.43,0.04824209237062751
1,1993,35.12542257280114,35.1,301.87368450604265,27.55493526547096,44.12578173719376,0.07326714261995683,0.0,0.0,7.46,0.06095226957022062
2,1993,34.55250762620133,34.3,309.68951537728583,26.077688366287852,44.59210621446646,0.05588158797818155,0.0,0.0,5.56,0.039478056493222724
3,1993,44.05058913858784,43.9,225.69115308448116,35.13234381005884,54.33649531467085,0.07026835426647676,0.0,0.0,5.08,0.05807156373517021
4,1993,52.609930180798194,52.4,138.08660698030792,42.59958166661578,63.59974971002991,0.07227974297827239,0.0,0.0,6.81,0.05270774023022765
5,1993,62.8951000913942,63.5,102.60348563108678,52.44379393867785,74.01857779877743,0.06858516052019853,0.0,0.0,7.65,0.05166127212734666
6,1993,69.25583257781807,70.5,124.00591977129731,59.11360232818989,79.94342033549324,0.08899381403440944,0.0,0.0,7.01,0.08117529003487084
7,1993,73.82329058548571,74.8,110.2322250390401,64.0030299386798,84.26515037706938,0.07997027197975964,0.0,0.0,6.42,0.07725600341742846
8,1993,73.42591334652529,74.0,99.51503407258954,63.3207511403353,84.48547671184234,0.07313557745954993,0.0,0.0,5.63,0.06664278246130585
9,1993,65.37286346300534,65.1,142.96852519570513,55.04790255860273,77.02963881236609,0.07675202593192869,0.0,0.0,9.94,0.0739801339751161
10,1993,55.59309371751077,55.1,164.58725713787237,45.85131343817012,67.29301155312054,0.05971121748441141,0.0,0.0,8.23,0.054467888132281685
11,1993,43.939240740170575,43.3,215.193987242953,34.879643231899266,54.59177473138199,0.048492567590036915,0.0,0.0,5.73,0.046227022550344256
12,1993,37.59657129274743,37.8,230.71668006676842,29.577850890251888,47.001063766388555,0.0445074549124292,0.0,0.0,5.04,0.0332885209425668
1,1994,31.822423515296943,33.7,402.48477267404587,23.19488198458574,42.24230502338211,0.053471972272212225,0.0,0.0,5.98,0.041401289449381325
2,1994,35.41496839527419,36.1,369.119030970172,26.19034471329135,46.057809802098554,0.05048402358250237,0.0,0.0,5.04,0.040193258452027376
3,1994,46.70923854848305,45.95,200.6903504121717,36.59032036954254,58.21444917905778,0.06087247028589785,0.0,0.0,11.1,0.06694563602129955
4,1994,55.36305388486559,55.2,173.18943556870494,44.659131557112566,67.2706121193479,0.06704851216117702,0.0,0.0,10.0,0.057265281869576336
5,1994,62.27331138204147,62.3,124.01322213736066,51.289655890313185,73.52021289248336,0.05672122324933519,0.0,0.0,4.15,0.04603819030271757
6,1994,72.06470226188644,73.4,115.52907470592572,61.286751793222855,83.31345857239806,0.07210153444335618,0.0,0.0,7.34,0.07136409364418975
7,1994,74.39268638268366,75.4,81.17934717263908,64.0165350518895,85.33157402095473,0.07825133127132425,0.0,0.0,8.39,0.08244106833567998
8,1994,72.9598984619082,73.5,79.51630481740038,62.37257845708601,84.13878913651538,0.06804692474213675,0.0,0.0,8.59,0.07181194100260761
9,1994,67.27706272152874,67.1,88.06400166679069,56.721422609663364,78.7838473650088,0.05814018020370854,0.0,0.0,7.01,0.0630808509701353
10,1994,57.259137350689585,56.5,120.0000180106546,47.616719421882465,68.15838451905302,0.05969295206903067,0.0,0.0,12.2,0.08825823406552706
11,1994,47.65164594452843,47.4,196.60318044825453,39.139219750641956,57.60460178632135,0.059831451205123884,0.0,0.0,6.02,0.05478379036057232
12,1994,40.15877997073841,39.9,205.35303749625783,32.47573239268205,49.24721035173176,0.0459413640505011,0.0,0.0,5.91,0.040086670343888096
1,1995,36.577287581699345,36.2,262.08937895826466,29.091220760669007,45.11753018856701,0.052674530200303396,0.0,0.0,18.28,0.15416099217758553
2,1995,38.62929338977532,39.3,306.4422054663648,29.368586711895365,49.22525054679594,0.03178552368245497,0.0,0.0,15.0,0.09056125691041275
3,1995,46.65138541294244,47.4,243.62893262158698,37.31632312143901,56.72209954643113,0.04804733367809449,0.0,0.0,12.09,0.14420548668620167
4,1995,52.57280580405177,52.0,175.43228861332585,42.426152520465315,63.50314068417649,0.04313719369439676,0.0,0.0,14.02,0.12608560005099914
5,1995,61.6099269308026,60.3,123.40119694080315,51.926015620446464,71.69976988727389,0.06620487431114255,0.0,0.0,17.87,0.22857922502987635
6,1995,70.0099476909281,71.1,102.25537243404254,59.59046049674926,80.62069399119788,0.0533454786353097,0.0,0.0,12.91,0.09457417240796231
7,1995,75.10429328621908,76.2,94.34194687826077,64.40490955308583,86.07570568087871,0.04597192608386638,0.0,0.0,12.13,0.0759980958150244
8,1995,75.28776676829268,76.5,91.80100275783172,65.2199587628866,86.36374091831632,0.04730276745146633,0.0,0.0,12.11,0.08543172392530674
9,1995,66.21655242296,66.7,139.86340496481063,55.85293571941585,77.78955424676374,0.03747092586471137,0.0,0.0,10.08,0.043891271580742144
10,1995,57.6766170157596,57.6,148.3924450377428,47.29777700690891,69.34793268952755,0.04599382140359058,0.0,0.0,12.01,0.07344665881758457
11,1995,44.2993110709988,43.9,222.20642180040142,35.18075867683864,54.84412537367515,0.0389018353982845,0.0,0.0,8.66,0.04357309763144632
12,1995,36.19380541129888,34.3,275.1046698206189,28.153094162662907,45.25313219052001,0.03200123315423236,0.0,0.0,8.9,0.03568703376440817
1,1996,32.80005739704405,33.8,370.30210595469,23.744049984164004,43.272464228934815,0.043402943692298614,0.0,0.0,6.85,0.0385537638601329
2,1996,37.537038282778866,39.2,406.5731720492904,28.371904119666503,48.336712009088956,0.030995789801964758,0.0,0.0,5.04,0.02901244711924971
3,1996,41.35601736795498,42.0,264.9054502068621,31.337454878817393,52.81175896979953,0.03638612420697282,0.0,0.0,7.01,0.03323475535939056
4,1996,52.820913120567376,52.9,180.0243030167722,42.090605081379145,64.71437164785017,0.04042541652857702,0.0,0.0,10.0,0.04145087053686708
5,1996,62.405638033124525,61.3,171.17324328461862,52.39106722544348,73.00794110063885,0.04175159143097986,0.0,0.0,11.1,0.04020440233417696
6,1996,70.8800323702194,71.3,106.88016418083043,60.34311843807347,81.71330812173599,0.04474835886214442,0.0,0.0,10.0,0.05814732749024044
7,1996,74.4634601316752,74.3,84.66856836161007,64.85335662009314,84.18680569413957,0.07088071348940914,0.0,0.0,8.2,0.09005553230693536
8,1996,73.524990570782,73.6,63.89276819101567,63.788647304993546,83.79782424147146,0.05591710052062475,0.0,0.0,7.75,0.060134295567122596
9,1996,66.10010319251855,66.3,105.85015123576432,57.0869319648851,75.90261001419537,0.07480737719206498,0.0,0.0,9.45,0.09266097241332437
10,1996,56.70662817050076,57.0,144.09503554441443,47.41030165584516,67.16525779283339,0.053634121137371246,0.0,0.0,8.11,0.07923568931640765
11,1996,43.26864597390913,42.1,245.20390683915534,35.90209030100334,51.755126266688116,0.05399647390691114,0.0,0.0,6.66,0.055120809607087214
12,1996,38.523793588741206,39.0,299.1581603126823,31.276862634610566,46.837770393128096,0.06326430773354778,0.0,0.0,5.78,0.058658271324618774
1,1997,33.995814504316385,34.5,377.9489592933964,26.55031034590312,42.78666145914701,0.05018111337061515,0.0,0.0,5.19,0.04167943718514751
2,1997,39.62333797308942,38.8,243.35240862358285,31.894198620140642,48.33507316587583,0.04759086328518643,0.0,0.0,4.45,0.04662199659762904
3,1997,47.05637786870663,47.1,248.4705868975665,37.672398337785694,57.62636004397302,0.04769330051626846,0.0,0.0,6.87,0.04380004292795099
4,1997,51.48428514803184,51.7,164.970231752814,41.869171624713964,61.731553249923714,0.053827126095167335,0.0,0.0,7.52,0.059531736553316124
5,1997,61.34935731132075,60.75,122.2092740348884,51.245590750899545,71.71584955752212,0.050621047607684044,0.0,0.0,7.24,0.04355367567905056
6,1997,70.35669173848169,70.6,79.4768958825283,60.631964666463595,80.1764329658281,0.06250030701215768,0.0,0.0,8.63,0.06419604479435491
7,1997,74.613450153919,75.4,78.458558098749,64.64896145070965,84.81562305710986,0.054635959282366635,0.0,0.0,8.34,0.06370963148616159
8,1997,72.89642920589803,72.7,74.11131227199876,63.34782724606771,83.06045547427962,0.0528144696358694,0.0,0.0,13.52,0.05908854166181455
9,1997,68.20726883037354,67.8,95.69721590923358,58.62898244323927,78.7303978926088,0.04940277777777778,0.0,0.0,8.1,0.05899070785363743
10,1997,56.61863906208048,55.9,172.78086140554825,46.97871495536381,67.41179736708558,0.048941660658495555,0.0,0.0,6.24,0.05368545722669515
11,1997,44.09813605274509,43.4,184.1775166291156,36.27337672352633,52.83054561165288,0.050797298564862585,0.0,0.0,5.91,0.042733764895459984
12,1997,37.64308149910767,36.0,162.1016026876683,30.403175170523934,45.82871062904139,0.05207217519655391,0.0,0.0,7.89,0.04999317854766336
1,1998,38.27892937471884,37.9,249.33463519009933,31.03046741316682,46.61934292321091,0.059181331293037494,0.0,0.0,8.33,0.06570795741605191
2,1998,41.85923182352173,40.9,140.00871253849564,34.49429168571615,50.27577885180589,0.08173191220905136,0.0,0.0,5.9,0.09221623268226743
3,1998,44.47330023364486,43.7,250.33732384338208,35.98533298251769,54.06093503303901,0.06307717413880069,0.0,0.0,11.48,0.06717060015043796
4,1998,54.17682002625612,53.2,111.88258873574237,43.72972690643188,65.23598459977318,0.05667308792101857,0.0,0.0,4.76,0.04838029547913749
5,1998,65.34223188488714,64.4,107.66996976394182,54.76146405677656,76.40119882120683,0.053376238193964524,0.0,0.0,6.59,0.04113899951253375
6,1998,70.47104732534693,70.1,133.72751210178453,60.54039699729994,80.99087079068387,0.07107632677400119,0.0,0.0,7.34,0.07326332164356263
7,1998,75.96965144057796,75.9,73.86623914797485,65.59292009908405,86.79978695226579,0.059872657445641186,0.0,0.0,5.73,0.0648843412769076
8,1998,74.98201044609985,74.9,64.44390944126546,64.5755605701391,86.24234766718062,0.051744696730487705,0.0,0.0,10.4,0.06046550572203244
9,1998,70.25415694962687,71.1,91.0262533078444,59.61574157794954,82.01352131568206,0.06172320932002459,0.0,0.0,11.0,0.12082218414224423
10,1998,57.84415610030995,56.5,119.22516309208969,48.135121799932335,68.81502974931618,0.059107375332540894,0.0,0.0,16.32,0.09310773063759087
11,1998,48.117322696075554,47.2,147.11840522147452,39.997969006809114,57.51525722339676,0.056777925335694264,0.0,0.0,7.86,0.06309073349923727
12,1998,39.48249466040154,39.5,292.8871284805971,30.873358600250768,49.4570605022831,0.044366774416993764,0.0,0.0,5.09,0.03757257214277494
1,1999,36.393559106139065,36.7,327.2818531747927,27.669488096227933,46.47125888099467,0.07285174183094788,0.0,0.0,6.49,0.0709919933522295
2,1999,41.719524336283186,40.7,197.9665573007032,32.52836105389369,52.20173470959791,0.04729200759311383,0.0,0.0,5.08,0.03294489381429819
3,1999,44.6889691701752,44.2,165.981574683001,34.59572305852943,55.97991139378126,0.0519337378571632,0.0,0.0,4.73,0.03948638077244195
4,1999,54.418250880118585,52.8,148.48779940754315,44.23273839472499,65.82903909312428,0.06388134542791142,0.0,0.0,6.91,0.05008378252322534
5,1999,62.71316112218305,62.9,101.4603242636364,51.72501916883914,74.15917094737918,0.06882968343451865,0.0,0.0,5.9,0.06040164970133357
6,1999,70.19585499063349,71.4,93.93469601105664,60.05634851485149,81.05383661079583,0.08117739315521201,0.0,0.0,10.35,0.08680993985132993
7,1999,75.93921834956433,77.3,73.85692852609407,65.36054123380788,87.22241220199949,0.0620826105810928,0.0,0.0,7.68,0.05692079610253309
8,1999,73.8254699006128,73.2,79.41133005057858,63.06858497127695,85.53159738319683,0.05734822980017376,0.0,0.0,10.48,0.06120970111060174
9,1999,66.66601090500589,66.5,103.99630717140667,55.47305382653761,79.17628735947355,0.07938127138380151,0.0,0.0,12.17,0.13489240612306408
10,1999,56.93658970734517,56.1,133.38678869419715,45.280508029810015,70.07984817840351,0.04892161662315057,0.0,0.0,7.87,0.06199627769736741
11,1999,50.15004245157867,50.3,137.5438919825957,39.4118590083873,62.86035851267845,0.04011632680990831,0.0,0.0,3.68,0.03454043372231511
12,1999,38.96243115351796,38.6,204.4960360525191,29.437417869522477,49.891670549257135,0.04608766809416001,0.0,0.0,4.41,0.03640393219407347
1,2000,35.35581599010921,34.6,294.79976165544883,26.191632090302296,45.99472747439833,0.05163172035564911,0.0,0.0,4.09,0.03798054887136049
2,2000,41.74668608485381,41.4,227.60105356659156,31.98685563467407,53.02367754720097,0.05544205478242961,0.0,0.0,5.99,0.04066188899396565
3,2000,48.665825023711264,47.8,161.13689869063242,38.0163709098369,60.69916115130061,0.061930403723346676,0.0,0.0,7.45,0.05095474184815058
4,2000,54.25642190926626,54.1,133.283779439174,42.946108291032154,66.7662807333616,0.0623897438762115,0.0,0.0,5.75,0.05313122544868844
5,2000,65.01622785653856,64.6,123.14062266745584,53.77746659485522,76.89956658887492,0.06955898297733926,0.0,0.0,7.61,0.06522595550820066
6,2000,70.46072950581011,71.2,93.85524427695492,59.737441072090675,81.9449569707401,0.09217431788042098,0.0,0.0,9.6,0.09339843812257695
7,2000,74.08648323213691,73.8,77.91682538822795,63.02911314514268,85.53422509225092,0.06678810528862958,0.0,0.0,5.88,0.06803320894433697
8,2000,74.3508408300961,74.2,81.46405378221436,63.36064697609002,86.16582915857273,0.053781039886421474,0.0,0.0,7.16,0.048353169199572006
9,2000,66.93987253061117,67.0,133.95352729783198,55.694661337709434,79.66008204313881,0.07356530425372512,0.0,0.0,9.23,0.10135198385194712
10,2000,57.261505068818465,57.4,127.01598158557755,46.84354991185263,69.39288543609926,0.05026563083987399,0.0,0.0,12.48,0.05472463510086683
11,2000,42.21349602122016,42.1,207.42836980355807,33.74298494783509,51.864220841300195,0.060386662447135996,0.0,0.0,6.74,0.059504908316264246
12,2000,30.64831989247312,30.4,300.26445242053006,21.94084853188462,40.44498717981922,0.036488677266672334,0.0,0.0,13.9,0.032111946097913145
